epoch,average_ai_usage,average_ai_usage_low,average_ai_usage_medium,average_ai_usage_high,average_offer,average_offer_low,average_offer_medium,average_offer_high,detection_rate,detection_rate_low,detection_rate_medium,detection_rate_high,average_individual_trust,average_global_trust,average_candidate_loss,average_company_loss,reject_rate,low_offer_rate,high_offer_rate,overoffer_rate,underoffer_rate,correct_match_rate,epsilon
0,0.3949,0.4862068965517241,0.3701754385964912,0.30642857142857144,1.1184,0.5193103448275862,1.2157894736842105,1.9628571428571429,0.0983,0.17793103448275863,0.07473684210526316,0.029285714285714286,0.58412,0.9950850000000001,-0.9785119999999999,0.548,0.1394,0.6028,0.2578,0.2736,0.0052,0.7212,0.0995
1,0.476,0.5675862068965517,0.4710526315789474,0.30642857142857144,1.1445,0.8048275862068965,1.159298245614035,1.7878571428571428,0.1144,0.2003448275862069,0.09228070175438596,0.02642857142857143,0.3837,0.989365,-1.010058,0.639,0.0566,0.7423,0.2011,0.3242,0.0297,0.6461,0.09900250000000001
2,0.2519,0.2082758620689655,0.2908771929824561,0.18357142857142858,1.1247,0.88,1.0950877192982456,1.7521428571428572,0.0596,0.08413793103448276,0.05719298245614035,0.018571428571428572,0.31791,0.9863850000000001,-1.0585209999999998,0.4934,0.0348,0.8057,0.1595,0.3094,0.0347,0.6559,0.0985074875
3,0.143,0.10689655172413794,0.16789473684210526,0.11642857142857142,1.1043,0.8989655172413793,1.0542105263157895,1.7335714285714285,0.0305,0.03413793103448276,0.03315789473684211,0.012142857142857143,0.30563000000000007,0.98486,-1.072572,0.4281,0.0293,0.8371,0.1336,0.2916,0.0373,0.6711,0.09801495006250001
4,0.0829,0.10206896551724139,0.07403508771929825,0.07928571428571428,1.0827,0.8955172413793103,1.0166666666666666,1.7392857142857143,0.0188,0.030344827586206897,0.015438596491228071,0.008571428571428572,0.3301400000000001,0.98392,-1.066351,0.3813,0.0303,0.8567,0.113,0.2692,0.0365,0.6943,0.09752487531218751
5,0.0904,0.11,0.09070175438596491,0.04857142857142857,1.0575,0.8062068965517242,1.0201754385964912,1.73,0.0202,0.03620689655172414,0.015614035087719299,0.005714285714285714,0.3434000000000001,0.9829099999999998,-1.038626,0.3643,0.0562,0.8301,0.1137,0.2453,0.0378,0.7169,0.09703725093562657
6,0.0805,0.10379310344827586,0.07684210526315789,0.047142857142857146,1.0585,0.8068965517241379,1.0156140350877192,1.7542857142857142,0.0181,0.03310344827586207,0.014035087719298246,0.0035714285714285713,0.36422000000000015,0.9820049999999998,-1.042482,0.3507,0.056,0.8295,0.1145,0.2429,0.0344,0.7227,0.09655206468094843
7,0.0746,0.09655172413793103,0.07,0.047857142857142855,1.0588,0.7972413793103448,1.0178947368421052,1.7671428571428571,0.0196,0.036551724137931035,0.01456140350877193,0.005,0.38197000000000014,0.981025,-1.040975,0.3448,0.0588,0.8236,0.1176,0.2414,0.0326,0.726,0.09606930435754368
8,0.0743,0.07586206896551724,0.08052631578947368,0.045714285714285714,1.076,0.8065517241379311,1.0263157894736843,1.8364285714285715,0.0196,0.028620689655172414,0.018245614035087718,0.0064285714285714285,0.38483000000000017,0.9800449999999999,-1.0566859999999998,0.3317,0.0561,0.8118,0.1321,0.2489,0.0229,0.7282,0.09558895783575597
9,0.0859,0.06827586206896552,0.10035087719298245,0.06357142857142857,1.0879,0.8172413793103448,1.0340350877192983,1.8678571428571429,0.0188,0.02586206896551724,0.01807017543859649,0.007142857142857143,0.38611000000000023,0.9791049999999999,-1.069228,0.3326,0.053,0.8061,0.1409,0.2564,0.0185,0.7251,0.09511101304657718
10,0.0767,0.08172413793103449,0.08140350877192983,0.047142857142857146,1.0689,0.7693103448275862,1.0250877192982457,1.8678571428571429,0.0203,0.030689655172413795,0.018421052631578946,0.0064285714285714285,0.39407000000000014,0.9780899999999999,-1.049396,0.3124,0.0669,0.7973,0.1358,0.2374,0.0185,0.7441,0.09463545798134429
11,0.0884,0.07517241379310345,0.10280701754385965,0.05714285714285714,1.0679,0.7489655172413793,1.0335087719298246,1.8685714285714285,0.0201,0.02793103448275862,0.01912280701754386,0.007857142857142858,0.3955400000000002,0.977085,-1.047947,0.314,0.0728,0.7865,0.1407,0.2363,0.0184,0.7453,0.09416228069143756
12,0.0973,0.0706896551724138,0.12157894736842105,0.05357142857142857,1.08,0.7772413793103449,1.03859649122807,1.8757142857142857,0.0217,0.02413793103448276,0.024912280701754386,0.0035714285714285713,0.3907100000000002,0.9759999999999998,-1.057817,0.3247,0.0646,0.7908,0.1446,0.2474,0.0174,0.7352,0.09369146928798038
13,0.0882,0.07724137931034483,0.10052631578947369,0.060714285714285714,1.0722,0.7637931034482759,1.0301754385964912,1.8821428571428571,0.0211,0.028620689655172414,0.02087719298245614,0.0064285714285714285,0.3935400000000002,0.974945,-1.051383,0.3113,0.0685,0.7908,0.1407,0.2387,0.0165,0.7448,0.09322301194154048
14,0.0829,0.11517241379310345,0.07526315789473684,0.047142857142857146,1.0626,0.7572413793103449,1.0224561403508772,1.8585714285714285,0.0216,0.04,0.016140350877192983,0.005714285714285714,0.39877000000000024,0.973865,-1.041523,0.3182,0.0704,0.7966,0.133,0.2324,0.0198,0.7478,0.09275689688183278
15,0.0884,0.08413793103448276,0.09964912280701754,0.05142857142857143,1.0864,0.8082758620689655,1.0328070175438597,1.8807142857142858,0.0203,0.029310344827586206,0.018947368421052633,0.007142857142857143,0.4016400000000002,0.97285,-1.066387,0.3296,0.0556,0.8024,0.142,0.2531,0.0167,0.7302,0.09229311239742362
16,0.0893,0.07517241379310345,0.10929824561403509,0.037142857142857144,1.0945,0.8,1.0387719298245615,1.9314285714285715,0.0186,0.02379310344827586,0.02,0.002142857142857143,0.4105500000000002,0.9719200000000001,-1.076791,0.3172,0.058,0.7895,0.1525,0.2541,0.0096,0.7363,0.0918316468354365
17,0.0857,0.0703448275862069,0.1012280701754386,0.054285714285714284,1.0865,0.7786206896551724,1.033859649122807,1.9385714285714286,0.0193,0.03103448275862069,0.017017543859649122,0.004285714285714286,0.4177800000000002,0.970955,-1.067923,0.302,0.0642,0.7851,0.1507,0.2451,0.0086,0.7463,0.09137248860125932
18,0.0854,0.09206896551724138,0.0887719298245614,0.05785714285714286,1.0715,0.7451724137931034,1.0271929824561403,1.927857142857143,0.0191,0.029655172413793104,0.017368421052631578,0.004285714285714286,0.4266800000000002,0.9700000000000001,-1.05329,0.294,0.0739,0.7807,0.1454,0.2316,0.0101,0.7583,0.09091562615825302
19,0.1094,0.13517241379310344,0.10508771929824562,0.07357142857142857,1.0814,0.766896551724138,1.037719298245614,1.9107142857142858,0.0261,0.04275862068965517,0.02245614035087719,0.0064285714285714285,0.4040800000000002,0.968695,-1.05304,0.3296,0.0676,0.7834,0.149,0.2439,0.0125,0.7436,0.09046104802746176
20,0.1098,0.14206896551724138,0.10947368421052632,0.04428571428571428,1.0888,0.7941379310344827,1.032280701754386,1.9292857142857143,0.0255,0.044137931034482755,0.020701754385964912,0.0064285714285714285,0.39391000000000026,0.96742,-1.062283,0.3281,0.0597,0.7918,0.1485,0.2487,0.0099,0.7414,0.09000874278732444
21,0.0918,0.09655172413793103,0.10105263157894737,0.04428571428571428,1.1001,0.8224137931034483,1.0314035087719298,1.955,0.0217,0.035517241379310345,0.01912280701754386,0.0035714285714285713,0.3977900000000002,0.9663349999999999,-1.078788,0.3149,0.0515,0.7969,0.1516,0.2564,0.0063,0.7373,0.08955869907338782
22,0.0788,0.0906896551724138,0.08105263157894736,0.045,1.0959,0.8193103448275862,1.0229824561403509,1.9657142857142857,0.019,0.029655172413793104,0.017017543859649122,0.005,0.4107500000000002,0.9653849999999998,-1.078196,0.2997,0.0524,0.7993,0.1483,0.2507,0.0048,0.7445,0.08911090557802087
23,0.0785,0.07689655172413794,0.08614035087719299,0.05071428571428571,1.0941,0.8082758620689655,1.0291228070175438,1.9507142857142856,0.0194,0.028620689655172414,0.018421052631578946,0.004285714285714286,0.41615000000000024,0.964415,-1.0752400000000002,0.3037,0.0556,0.7947,0.1497,0.251,0.0069,0.7421,0.08866535105013076
24,0.1143,0.09517241379310344,0.133859649122807,0.07428571428571429,1.0974,0.7844827586206896,1.0482456140350878,1.9457142857142857,0.0237,0.03206896551724138,0.023333333333333334,0.007857142857142858,0.4016300000000002,0.9632299999999999,-1.0722479999999999,0.3253,0.0625,0.7776,0.1599,0.255,0.0076,0.7374,0.08822202429488012
25,0.1245,0.12655172413793103,0.14263157894736841,0.04642857142857143,1.1015,0.8020689655172414,1.0505263157894738,1.9292857142857143,0.0288,0.04275862068965517,0.027192982456140352,0.0064285714285714285,0.3822200000000003,0.96179,-1.070759,0.3467,0.0574,0.7837,0.1589,0.2614,0.0099,0.7287,0.08778091417340572
26,0.0921,0.14689655172413793,0.07491228070175439,0.04857142857142857,1.0967,0.8413793103448276,1.020877192982456,1.9342857142857144,0.0228,0.046206896551724136,0.015263157894736841,0.005,0.3954400000000002,0.96065,-1.075222,0.3288,0.046,0.8113,0.1427,0.2559,0.0092,0.7349,0.0873420096025387
27,0.088,0.10896551724137932,0.08859649122807017,0.04214285714285714,1.0949,0.8286206896551724,1.0271929824561403,1.9221428571428572,0.0203,0.03586206896551724,0.016140350877192983,0.005,0.4071700000000003,0.9596349999999999,-1.0757729999999999,0.3247,0.0497,0.8057,0.1446,0.2558,0.0109,0.7333,0.086905299554526
28,0.0855,0.07310344827586207,0.10035087719298245,0.05071428571428571,1.0895,0.8003448275862068,1.0312280701754386,1.9257142857142857,0.0202,0.028965517241379312,0.019649122807017545,0.004285714285714286,0.4072000000000003,0.958625,-1.0693030000000001,0.3097,0.0579,0.7947,0.1474,0.2499,0.0104,0.7397,0.08647077305675337
29,0.1017,0.1003448275862069,0.11140350877192982,0.065,1.0925,0.8075862068965517,1.0350877192982457,1.9164285714285714,0.0228,0.03379310344827586,0.021052631578947368,0.007142857142857143,0.4048600000000002,0.9574849999999999,-1.069466,0.3267,0.0558,0.7959,0.1483,0.2542,0.0117,0.7341,0.0860384191914696
30,0.0808,0.07551724137931035,0.09473684210526316,0.035,1.086,0.7906896551724137,1.0340350877192983,1.9092857142857143,0.0211,0.02689655172413793,0.021052631578947368,0.009285714285714286,0.39705000000000024,0.9564300000000001,-1.064119,0.3154,0.0607,0.7926,0.1467,0.2487,0.0127,0.7386,0.08560822709551225
31,0.0824,0.0789655172413793,0.0956140350877193,0.03571428571428571,1.0782,0.7758620689655172,1.0298245614035089,1.9014285714285715,0.0187,0.029655172413793104,0.017017543859649122,0.002857142857142857,0.40844000000000025,0.955495,-1.0606389999999999,0.3095,0.065,0.7918,0.1432,0.242,0.0138,0.7442,0.08518018596003468
32,0.0781,0.08137931034482758,0.08298245614035088,0.05142857142857143,1.0807,0.7879310344827586,1.0275438596491229,1.9035714285714285,0.0193,0.03,0.017719298245614034,0.0035714285714285713,0.4182900000000003,0.9545300000000001,-1.0623850000000001,0.3105,0.0615,0.7963,0.1422,0.2442,0.0135,0.7423,0.08475428503023451
33,0.0795,0.060689655172413794,0.09596491228070175,0.05142857142857143,1.0745,0.753448275862069,1.03,1.9207142857142858,0.0183,0.022758620689655173,0.019473684210526317,0.004285714285714286,0.41783000000000026,0.9536150000000001,-1.056154,0.2925,0.0715,0.7825,0.146,0.2356,0.0111,0.7533,0.08433051360508334
34,0.0959,0.1006896551724138,0.09157894736842105,0.10357142857142858,1.0752,0.77,1.0317543859649123,1.8842857142857143,0.0235,0.04068965517241379,0.018245614035087718,0.009285714285714286,0.4070600000000002,0.95244,-1.0506229999999999,0.3211,0.0667,0.7914,0.1419,0.2414,0.0162,0.7424,0.08390886103705793
35,0.071,0.08793103448275862,0.0712280701754386,0.035,1.0765,0.7824137931034483,1.0240350877192983,1.8992857142857142,0.0193,0.030689655172413795,0.017368421052631578,0.0035714285714285713,0.42122000000000026,0.951475,-1.058616,0.308,0.0631,0.7973,0.1396,0.2406,0.0141,0.7453,0.08348931673187264
36,0.0811,0.07413793103448275,0.0943859649122807,0.041428571428571426,1.0805,0.7744827586206896,1.033157894736842,1.9071428571428573,0.0192,0.02517241379310345,0.019649122807017545,0.005,0.42206000000000027,0.950515,-1.061384,0.3099,0.0654,0.7887,0.1459,0.2435,0.013,0.7435,0.08307187014821328
37,0.0913,0.09793103448275862,0.09719298245614034,0.05357142857142857,1.0805,0.7682758620689655,1.032982456140351,1.9207142857142858,0.0192,0.03103448275862069,0.017017543859649122,0.0035714285714285713,0.42835000000000023,0.9495549999999999,-1.0619290000000001,0.311,0.0672,0.7851,0.1477,0.2416,0.0111,0.7473,0.08265651079747222
38,0.1067,0.12137931034482759,0.11175438596491229,0.055714285714285716,1.0858,0.7751724137931034,1.0373684210526315,1.9264285714285714,0.0263,0.04827586206896552,0.02,0.0064285714285714285,0.41684000000000027,0.94824,-1.058349,0.3232,0.0652,0.7838,0.151,0.2461,0.0103,0.7436,0.08224322824348486
39,0.0892,0.10379310344827586,0.09280701754385964,0.04428571428571428,1.0906,0.8041379310344827,1.0328070175438597,1.9192857142857143,0.021,0.032758620689655175,0.018771929824561405,0.005714285714285714,0.4155700000000002,0.94719,-1.069473,0.3233,0.0568,0.7958,0.1474,0.2519,0.0113,0.7368,0.08183201210226744
40,0.0785,0.08,0.08403508771929824,0.05285714285714286,1.0903,0.8168965517241379,1.0257894736842106,1.9192857142857143,0.0183,0.02413793103448276,0.018771929824561405,0.004285714285714286,0.4216500000000002,0.946275,-1.072608,0.3121,0.0531,0.8035,0.1434,0.2516,0.0113,0.7371,0.0814228520417561
41,0.0741,0.08689655172413793,0.07526315789473684,0.04285714285714286,1.0806,0.7858620689655172,1.0263157894736843,1.9121428571428571,0.0184,0.030689655172413795,0.015087719298245613,0.0064285714285714285,0.42735000000000023,0.945355,-1.0627699999999998,0.3077,0.0621,0.7952,0.1427,0.2429,0.0123,0.7448,0.08101573778154732
42,0.0791,0.06793103448275863,0.08491228070175438,0.07857142857142857,1.071,0.753448275862069,1.0275438596491229,1.9057142857142857,0.0199,0.030344827586206897,0.017894736842105262,0.0064285714285714285,0.42985000000000023,0.9443599999999999,-1.0513500000000002,0.296,0.0715,0.786,0.1425,0.2342,0.0132,0.7526,0.08061065909263958
43,0.0851,0.07689655172413794,0.09631578947368422,0.056428571428571425,1.0765,0.7620689655172413,1.0321052631578946,1.9085714285714286,0.0201,0.025517241379310347,0.02087719298245614,0.005714285714285714,0.4269400000000002,0.943355,-1.0561090000000002,0.3055,0.069,0.7855,0.1455,0.2393,0.0128,0.7479,0.08020760579717638
44,0.0767,0.07931034482758621,0.08350877192982456,0.04357142857142857,1.0693,0.7455172413793103,1.02859649122807,1.9057142857142857,0.0181,0.02793103448275862,0.017017543859649122,0.002142857142857143,0.4358300000000002,0.9424499999999998,-1.052089,0.2982,0.0738,0.7831,0.1431,0.2325,0.0132,0.7543,0.0798065677681905
45,0.0994,0.10103448275862069,0.11228070175438597,0.04357142857142857,1.0843,0.7589655172413793,1.042982456140351,1.9264285714285714,0.0241,0.03793103448275862,0.022280701754385963,0.002857142857142857,0.4277300000000002,0.941245,-1.05939,0.319,0.0699,0.7759,0.1542,0.2446,0.0103,0.7451,0.07940753492934956
46,0.0767,0.07827586206896552,0.08508771929824561,0.039285714285714285,1.0707,0.7475862068965518,1.0264912280701755,1.92,0.0189,0.03206896551724138,0.016140350877192983,0.002857142857142857,0.43374000000000024,0.9403,-1.052401,0.2921,0.0732,0.7829,0.1439,0.2319,0.0112,0.7569,0.07901049725470281
47,0.0837,0.10620689655172413,0.08263157894736842,0.041428571428571426,1.0807,0.7641379310344828,1.0282456140350877,1.95,0.0201,0.031379310344827584,0.018771929824561405,0.002142857142857143,0.43607000000000024,0.9392950000000001,-1.060833,0.2986,0.0684,0.7825,0.1491,0.2377,0.007,0.7553,0.0786154447684293
48,0.1014,0.13689655172413792,0.08807017543859649,0.08214285714285714,1.0892,0.786896551724138,1.0335087719298246,1.9421428571428572,0.0247,0.04827586206896552,0.017368421052631578,0.005714285714285714,0.4330000000000002,0.9380600000000001,-1.064193,0.3223,0.0618,0.7872,0.151,0.2473,0.0081,0.7446,0.07822236754458715
49,0.0863,0.07,0.10631578947368421,0.03857142857142857,1.0894,0.7751724137931034,1.0359649122807018,1.957857142857143,0.0202,0.02724137931034483,0.02087719298245614,0.002857142857142857,0.43071000000000026,0.9370499999999999,-1.068971,0.2979,0.0652,0.7802,0.1546,0.2453,0.0059,0.7488,0.07783125570686422
50,0.0819,0.09724137931034482,0.08526315789473685,0.03642857142857143,1.0836,0.7631034482758621,1.0315789473684212,1.9592857142857143,0.0193,0.032758620689655175,0.01631578947368421,0.0035714285714285713,0.44042000000000026,0.936085,-1.065271,0.2969,0.0687,0.779,0.1523,0.2393,0.0057,0.755,0.0774420994283299
51,0.084,0.07827586206896552,0.09789473684210526,0.039285714285714285,1.0834,0.7624137931034483,1.0319298245614035,1.957857142857143,0.0209,0.032413793103448274,0.018771929824561405,0.005714285714285714,0.4390200000000002,0.9350400000000001,-1.0623599999999997,0.292,0.0689,0.7788,0.1523,0.2393,0.0059,0.7548,0.07705488893118825
52,0.0835,0.09655172413793103,0.08789473684210526,0.03857142857142857,1.0908,0.7841379310344827,1.0301754385964912,1.9728571428571429,0.0192,0.03413793103448276,0.015438596491228071,0.0035714285714285713,0.44423000000000024,0.9340800000000001,-1.072121,0.2974,0.0626,0.784,0.1534,0.2446,0.0038,0.7516,0.07666961448653231
53,0.072,0.07103448275862069,0.08140350877192983,0.03571428571428571,1.0976,0.8031034482758621,1.0310526315789474,1.9785714285714286,0.0184,0.02482758620689655,0.018947368421052633,0.002857142857142857,0.44807000000000025,0.93316,-1.079584,0.2949,0.0571,0.7882,0.1547,0.2506,0.003,0.7464,0.07628626641409965
54,0.0748,0.09,0.07666666666666666,0.03571428571428571,1.0872,0.7772413793103449,1.0266666666666666,1.9757142857142858,0.0189,0.03103448275862069,0.017017543859649122,0.0014285714285714286,0.45834000000000025,0.932215,-1.0693270000000001,0.2887,0.0646,0.7836,0.1518,0.2406,0.0034,0.756,0.07590483508202915
55,0.089,0.07310344827586207,0.11035087719298245,0.035,1.0884,0.7458620689655172,1.0436842105263158,1.98,0.0219,0.028965517241379312,0.02245614035087719,0.005,0.44059000000000026,0.93112,-1.064725,0.2929,0.0737,0.7642,0.1621,0.2412,0.0028,0.756,0.075525310906619
56,0.089,0.10758620689655173,0.09298245614035087,0.03428571428571429,1.0868,0.7679310344827586,1.0328070175438597,1.967142857142857,0.022,0.03517241379310345,0.01912280701754386,0.0064285714285714285,0.4270100000000003,0.9300200000000001,-1.063442,0.3005,0.0673,0.7786,0.1541,0.2414,0.0046,0.754,0.07514768435208591
57,0.076,0.07724137931034483,0.0868421052631579,0.029285714285714286,1.0886,0.7844827586206896,1.028421052631579,1.9635714285714285,0.0185,0.028965517241379312,0.017368421052631578,0.0014285714285714286,0.4353100000000003,0.929095,-1.07093,0.2925,0.0625,0.7864,0.1511,0.2437,0.0051,0.7512,0.07477194593032548
58,0.0908,0.12241379310344827,0.08842105263157894,0.035,1.0981,0.8086206896551724,1.0312280701754386,1.97,0.0231,0.044137931034482755,0.017368421052631578,0.002857142857142857,0.43380000000000024,0.9279400000000001,-1.074849,0.314,0.0555,0.7909,0.1536,0.2523,0.0042,0.7435,0.07439808620067385
59,0.0671,0.06206896551724138,0.07719298245614035,0.03642857142857143,1.0938,0.7958620689655173,1.0270175438596492,1.9828571428571429,0.0151,0.022068965517241378,0.01456140350877193,0.002857142857142857,0.45439000000000024,0.927185,-1.0807590000000002,0.2844,0.0592,0.7878,0.153,0.2462,0.0024,0.7514,0.07402609576967048
60,0.0799,0.08620689655172414,0.08771929824561403,0.035,1.0831,0.756896551724138,1.0310526315789474,1.9707142857142856,0.02,0.028620689655172414,0.019649122807017545,0.0035714285714285713,0.4551700000000003,0.926185,-1.063178,0.2881,0.0705,0.7759,0.1536,0.2372,0.0041,0.7587,0.07365596529082213
61,0.0834,0.10241379310344828,0.08298245614035088,0.045714285714285714,1.0839,0.7610344827586207,1.033859649122807,1.9564285714285714,0.0205,0.03482758620689655,0.01631578947368421,0.007857142857142858,0.4543800000000003,0.92516,-1.063321,0.3012,0.0693,0.7775,0.1532,0.24,0.0061,0.7539,0.07328768546436802
62,0.0997,0.10827586206896551,0.1075438596491228,0.05,1.0878,0.7637931034482759,1.0414035087719298,1.947857142857143,0.0221,0.03206896551724138,0.021052631578947368,0.005714285714285714,0.4427700000000002,0.9240550000000001,-1.064539,0.3147,0.0685,0.7752,0.1563,0.2451,0.0073,0.7476,0.07292124703704618
63,0.0789,0.07655172413793103,0.08859649122807017,0.04428571428571428,1.086,0.7779310344827586,1.0317543859649123,1.945,0.0183,0.027586206896551724,0.017368421052631578,0.002857142857142857,0.4451500000000003,0.9231399999999998,-1.0679379999999998,0.2994,0.0644,0.7852,0.1504,0.2437,0.0077,0.7486,0.07255664080186094
64,0.0862,0.08655172413793104,0.09789473684210526,0.03785714285714286,1.0848,0.7689655172413793,1.036140350877193,1.937142857142857,0.0207,0.030689655172413795,0.01912280701754386,0.0064285714285714285,0.4396600000000003,0.922105,-1.063551,0.3069,0.067,0.7812,0.1518,0.2436,0.0088,0.7476,0.07219385759785164
65,0.0779,0.12206896551724138,0.06333333333333334,0.045714285714285714,1.0798,0.7903448275862069,1.0201754385964912,1.9221428571428572,0.0207,0.040344827586206895,0.014736842105263158,0.004285714285714286,0.44662000000000024,0.92107,-1.0597960000000002,0.3094,0.0608,0.7986,0.1406,0.2407,0.0109,0.7484,0.07183288830986238
66,0.1146,0.07758620689655173,0.1524561403508772,0.037142857142857144,1.1057,0.7937931034482759,1.0624561403508772,1.927857142857143,0.0227,0.03,0.023508771929824562,0.004285714285714286,0.43923000000000023,0.9199350000000001,-1.0822610000000001,0.3441,0.0598,0.7747,0.1655,0.2658,0.0101,0.7241,0.07147372386831308
67,0.0858,0.06862068965517241,0.10491228070175439,0.04357142857142857,1.0897,0.7831034482758621,1.0417543859649123,1.92,0.02,0.023103448275862068,0.022280701754385963,0.004285714285714286,0.4334200000000003,0.918935,-1.0691190000000002,0.317,0.0629,0.7845,0.1526,0.2509,0.0112,0.7379,0.07111635524897152
68,0.0877,0.11793103448275861,0.08052631578947368,0.054285714285714284,1.0759,0.7713793103448275,1.0282456140350877,1.9007142857142858,0.0206,0.03620689655172414,0.015789473684210527,0.007857142857142858,0.4311800000000003,0.9179049999999999,-1.0550760000000001,0.3179,0.0663,0.7915,0.1422,0.2398,0.0139,0.7463,0.07076077347272666
69,0.0768,0.10275862068965518,0.07614035087719298,0.025714285714285714,1.0804,0.7903448275862069,1.0252631578947369,1.9057142857142857,0.0209,0.03793103448275862,0.016140350877192983,0.005,0.43835000000000024,0.91686,-1.060217,0.3142,0.0608,0.798,0.1412,0.2436,0.0132,0.7432,0.07040696960536302
70,0.0773,0.10793103448275862,0.07157894736842105,0.037142857142857144,1.0795,0.7775862068965518,1.0278947368421052,1.915,0.0205,0.03793103448275862,0.014912280701754385,0.007142857142857143,0.4491800000000003,0.9158350000000001,-1.0600829999999999,0.3124,0.0645,0.7915,0.144,0.2414,0.0119,0.7467,0.0700549347573362
71,0.0787,0.06586206896551725,0.09649122807017543,0.032857142857142856,1.0859,0.7875862068965517,1.0357894736842106,1.907857142857143,0.0177,0.025517241379310347,0.01719298245614035,0.0035714285714285713,0.45457000000000025,0.9149499999999999,-1.0687389999999999,0.3141,0.0616,0.7909,0.1475,0.2488,0.0129,0.7383,0.06970466008354953
72,0.0949,0.10172413793103448,0.10684210526315789,0.03214285714285714,1.0961,0.7920689655172414,1.0450877192982455,1.9335714285714285,0.0237,0.039655172413793106,0.020701754385964912,0.002857142857142857,0.4379400000000003,0.9137649999999999,-1.070737,0.3292,0.0603,0.7833,0.1564,0.2554,0.0093,0.7353,0.06935613678313178
73,0.0814,0.08,0.0943859649122807,0.03142857142857143,1.084,0.7803448275862069,1.0326315789473683,1.9221428571428572,0.0208,0.028275862068965516,0.020526315789473684,0.0064285714285714285,0.44050000000000034,0.912725,-1.063456,0.3085,0.0637,0.7886,0.1477,0.2449,0.0109,0.7442,0.06900935609921612
74,0.0755,0.06724137931034482,0.08824561403508772,0.04071428571428572,1.0783,0.7544827586206897,1.032982456140351,1.9335714285714285,0.0164,0.02413793103448276,0.016140350877192983,0.0014285714285714286,0.4566700000000003,0.911905,-1.063517,0.2945,0.0712,0.7793,0.1495,0.2376,0.0093,0.7531,0.06866430931872003
75,0.0889,0.08172413793103449,0.10771929824561403,0.027142857142857142,1.073,0.73,1.036140350877193,1.9335714285714285,0.0198,0.02724137931034483,0.020350877192982456,0.002142857142857143,0.4539300000000003,0.9109149999999999,-1.0529259999999998,0.2952,0.0783,0.7704,0.1513,0.2323,0.0093,0.7584,0.06832098777212643
76,0.1049,0.19379310344827586,0.07543859649122807,0.04071428571428572,1.0777,0.7672413793103449,1.026842105263158,1.927857142857143,0.029,0.06724137931034482,0.015263157894736841,0.005714285714285714,0.44547000000000025,0.909465,-1.0478539999999998,0.3295,0.0675,0.7873,0.1452,0.2378,0.0101,0.7521,0.0679793828332658
77,0.0866,0.1003448275862069,0.09333333333333334,0.030714285714285715,1.0902,0.7924137931034483,1.0343859649122806,1.9342857142857144,0.0221,0.038275862068965515,0.018245614035087718,0.004285714285714286,0.44696000000000025,0.9083599999999998,-1.068249,0.3165,0.0602,0.7894,0.1504,0.2494,0.0092,0.7414,0.06763948591909946
78,0.0837,0.09206896551724138,0.09192982456140351,0.032857142857142856,1.0892,0.7841379310344827,1.0373684210526315,1.9321428571428572,0.0207,0.03379310344827586,0.018245614035087718,0.0035714285714285713,0.4483200000000002,0.9073249999999999,-1.0686360000000001,0.3157,0.0626,0.7856,0.1518,0.2487,0.0095,0.7418,0.06730128848950397
79,0.0929,0.11586206896551725,0.09701754385964913,0.02857142857142857,1.0992,0.8027586206896552,1.0389473684210526,1.9585714285714286,0.0219,0.04,0.017719298245614034,0.0014285714285714286,0.45059000000000027,0.9062300000000001,-1.0775270000000001,0.3224,0.0572,0.7864,0.1564,0.255,0.0058,0.7392,0.06696478204705644
80,0.0794,0.08517241379310345,0.09035087719298246,0.022857142857142857,1.0915,0.7858620689655172,1.0315789473684212,1.9685714285714286,0.0185,0.028620689655172414,0.017543859649122806,0.0014285714285714286,0.4522900000000002,0.905305,-1.0731700000000002,0.2974,0.0621,0.7843,0.1536,0.2459,0.0044,0.7497,0.06662995813682115
81,0.0788,0.09551724137931035,0.08017543859649123,0.03857142857142857,1.0938,0.7962068965517242,1.0301754385964912,1.9692857142857143,0.0202,0.03413793103448276,0.017368421052631578,0.002857142857142857,0.45030000000000026,0.9042950000000001,-1.0734009999999998,0.3016,0.0591,0.788,0.1529,0.2481,0.0043,0.7476,0.06629680834613705
82,0.0815,0.11620689655172414,0.07543859649122807,0.03428571428571429,1.0912,0.7917241379310345,1.0243859649122806,1.9835714285714285,0.0192,0.034482758620689655,0.015964912280701755,0.0007142857142857143,0.45586000000000026,0.9033349999999999,-1.0725559999999998,0.2957,0.0604,0.788,0.1516,0.2435,0.0023,0.7542,0.06596532430440637
83,0.0758,0.08655172413793104,0.08052631578947368,0.03428571428571429,1.0929,0.7775862068965518,1.0335087719298246,1.9878571428571428,0.0173,0.029310344827586206,0.014912280701754385,0.002142857142857143,0.4674000000000003,0.9024699999999999,-1.076754,0.2922,0.0645,0.7781,0.1574,0.2446,0.0017,0.7537,0.06563549768288433
84,0.105,0.12482758620689655,0.11157894736842106,0.037142857142857144,1.0907,0.7686206896551724,1.0389473684210526,1.9685714285714286,0.0239,0.04448275862068966,0.018421052631578946,0.0035714285714285713,0.45557000000000025,0.901275,-1.065617,0.3123,0.0671,0.7751,0.1578,0.2451,0.0044,0.7505,0.06530732019446991
85,0.0947,0.13724137931034483,0.08701754385964912,0.03785714285714286,1.084,0.7655172413793103,1.0298245614035089,1.9642857142857142,0.0236,0.047241379310344826,0.016140350877192983,0.005,0.45752000000000026,0.9000950000000001,-1.060595,0.3058,0.068,0.78,0.152,0.239,0.005,0.756,0.06498078359349757
86,0.0956,0.11379310344827587,0.10192982456140351,0.03214285714285714,1.1029,0.8062068965517242,1.0428070175438597,1.9621428571428572,0.0216,0.03482758620689655,0.019473684210526317,0.002857142857142857,0.4466900000000003,0.8990150000000001,-1.080217,0.3262,0.0562,0.7847,0.1591,0.2582,0.0053,0.7365,0.06465587967553008
87,0.0765,0.05482758620689655,0.09385964912280702,0.05071428571428571,1.0831,0.776551724137931,1.030877192982456,1.9307142857142856,0.0188,0.024482758620689656,0.01929824561403509,0.005,0.4523800000000002,0.8980750000000001,-1.0648689999999998,0.2957,0.0648,0.7873,0.1479,0.2428,0.0097,0.7475,0.06433260027715243
88,0.0856,0.07551724137931035,0.10385964912280701,0.03214285714285714,1.0967,0.8006896551724138,1.0403508771929824,1.9392857142857143,0.0187,0.023448275862068966,0.02017543859649123,0.002857142857142857,0.4486400000000002,0.89714,-1.0776259999999998,0.3171,0.0578,0.7877,0.1545,0.2552,0.0085,0.7363,0.06401093727576666
89,0.0962,0.13379310344827586,0.09175438596491228,0.03642857142857143,1.0909,0.7875862068965517,1.0314035087719298,1.9614285714285715,0.023,0.043448275862068966,0.01807017543859649,0.0007142857142857143,0.4478100000000002,0.89599,-1.067817,0.3138,0.0616,0.7859,0.1525,0.2463,0.0054,0.7483,0.06369088258938783
90,0.0605,0.07241379310344828,0.060526315789473685,0.03571428571428571,1.0759,0.766551724137931,1.0189473684210526,1.9485714285714286,0.0155,0.026551724137931033,0.012807017543859649,0.0035714285714285713,0.46896000000000027,0.895215,-1.062515,0.2793,0.0677,0.7887,0.1436,0.2331,0.0072,0.7597,0.0633724281764409
91,0.0814,0.09758620689655173,0.08491228070175438,0.03357142857142857,1.0844,0.7641379310344828,1.0319298245614035,1.9614285714285715,0.0202,0.03586206896551724,0.016842105263157894,0.0014285714285714286,0.4718800000000003,0.894205,-1.064492,0.2971,0.0684,0.7788,0.1528,0.2398,0.0054,0.7548,0.06305556603555869
92,0.0673,0.07793103448275862,0.07280701754385965,0.022857142857142857,1.0789,0.7444827586206897,1.03,1.9707142857142856,0.0189,0.030689655172413795,0.016842105263157894,0.002857142857142857,0.46821000000000024,0.8932599999999999,-1.059633,0.2809,0.0741,0.7729,0.153,0.233,0.0041,0.7629,0.0627402882053809
93,0.0831,0.11827586206896552,0.07140350877192983,0.05785714285714286,1.0761,0.7527586206896552,1.0252631578947369,1.9528571428571428,0.0206,0.041379310344827586,0.014035087719298246,0.004285714285714286,0.4691500000000003,0.89223,-1.055594,0.2946,0.0717,0.7805,0.1478,0.2327,0.0066,0.7607,0.062426586764353996
94,0.0875,0.07103448275862069,0.1036842105263158,0.055714285714285716,1.0864,0.75,1.0412280701754386,1.967142857142857,0.0185,0.026551724137931033,0.018596491228070177,0.0014285714285714286,0.46996000000000027,0.891305,-1.0679809999999998,0.2943,0.0725,0.7686,0.1589,0.241,0.0046,0.7544,0.062114453830532226
95,0.0708,0.07310344827586207,0.07614035087719298,0.04428571428571428,1.0748,0.7362068965517241,1.026842105263158,1.9714285714285715,0.0174,0.02793103448275862,0.015087719298245613,0.005,0.47237000000000023,0.8904349999999999,-1.0576409999999998,0.2733,0.0765,0.7722,0.1513,0.2288,0.004,0.7672,0.061803881561379566
96,0.0798,0.08275862068965517,0.08350877192982456,0.05857142857142857,1.0745,0.7548275862068966,1.0263157894736843,1.9328571428571428,0.0188,0.030689655172413795,0.015438596491228071,0.007857142857142858,0.47225000000000034,0.8894949999999999,-1.055688,0.2917,0.0711,0.7833,0.1456,0.2339,0.0094,0.7567,0.061494862153572666
97,0.0816,0.08724137931034483,0.07280701754385965,0.10571428571428572,1.0801,0.7631034482758621,1.0282456140350877,1.947857142857143,0.017,0.02724137931034483,0.015263157894736841,0.002857142857142857,0.48606000000000027,0.888645,-1.064481,0.2934,0.0687,0.7825,0.1488,0.2374,0.0073,0.7553,0.0611873878428048
98,0.0997,0.12586206896551724,0.09982456140350877,0.045,1.0825,0.7510344827586207,1.0392982456140352,1.945,0.0236,0.04379310344827586,0.018421052631578946,0.002857142857142857,0.4741700000000003,0.887465,-1.0577109999999998,0.3145,0.0722,0.7731,0.1547,0.2402,0.0077,0.7521,0.060881450903590775
99,0.0977,0.13620689655172413,0.09473684210526316,0.03,1.094,0.7793103448275862,1.0391228070175438,1.9692857142857143,0.0244,0.046206896551724136,0.018947368421052633,0.0014285714285714286,0.4670700000000002,0.8862450000000001,-1.06889,0.3187,0.064,0.778,0.158,0.2483,0.0043,0.7474,0.06057704364907282
100,0.0811,0.0693103448275862,0.09596491228070175,0.045,1.0881,0.776551724137931,1.0368421052631578,1.9421428571428572,0.0195,0.026551724137931033,0.018947368421052633,0.007142857142857143,0.4694900000000003,0.8852699999999999,-1.0688419999999998,0.3035,0.0648,0.7823,0.1529,0.2462,0.0081,0.7457,0.06027415843082746
101,0.0781,0.11206896551724138,0.07456140350877193,0.02214285714285714,1.084,0.7837931034482759,1.026140350877193,1.9414285714285715,0.0203,0.039655172413793106,0.014912280701754385,0.002142857142857143,0.47171000000000024,0.8842549999999999,-1.063922,0.306,0.0627,0.7906,0.1467,0.2422,0.0082,0.7496,0.05997278763867332
102,0.0751,0.0706896551724138,0.08789473684210526,0.03214285714285714,1.0816,0.7462068965517241,1.0350877192982457,1.9657142857142857,0.0164,0.02586206896551724,0.015087719298245613,0.002142857142857143,0.48543000000000025,0.8834349999999999,-1.0665719999999999,0.2865,0.0736,0.7712,0.1552,0.2364,0.0048,0.7588,0.059672923700479955
103,0.0755,0.10793103448275862,0.06982456140350878,0.03142857142857143,1.0783,0.74,1.0271929824561403,1.987142857142857,0.019,0.03793103448275862,0.013508771929824562,0.002142857142857143,0.49109000000000025,0.882485,-1.059866,0.2805,0.0754,0.7709,0.1537,0.2301,0.0018,0.7681,0.05937455908197756
104,0.0667,0.05172413793103448,0.08157894736842106,0.037142857142857144,1.081,0.7472413793103448,1.0324561403508772,1.97,0.0151,0.01896551724137931,0.015964912280701755,0.0035714285714285713,0.49998000000000026,0.8817299999999999,-1.066789,0.2771,0.0733,0.7724,0.1543,0.2352,0.0042,0.7606,0.05907768628656767
105,0.0944,0.11655172413793104,0.09824561403508772,0.032857142857142856,1.0914,0.7527586206896552,1.0421052631578946,1.9935714285714285,0.0223,0.040344827586206895,0.018245614035087718,0.0014285714285714286,0.48645000000000027,0.880615,-1.067747,0.3019,0.0717,0.7652,0.1631,0.2423,0.0009,0.7568,0.05878229785513483
106,0.0947,0.08068965517241379,0.11894736842105263,0.025,1.09,0.7358620689655172,1.04859649122807,1.9921428571428572,0.0215,0.02793103448275862,0.023333333333333334,0.0007142857142857143,0.4767300000000003,0.8795399999999999,-1.067528,0.2944,0.0766,0.7568,0.1666,0.2411,0.0011,0.7578,0.05848838636585915
107,0.0722,0.05931034482758621,0.08964912280701755,0.027857142857142858,1.0665,0.6986206896551724,1.0317543859649123,1.97,0.017,0.022758620689655173,0.016842105263157894,0.005714285714285714,0.47916000000000025,0.87869,-1.0497429999999999,0.2644,0.0874,0.7587,0.1539,0.2207,0.0042,0.7751,0.05819594443402985
108,0.1004,0.10931034482758621,0.11263157894736842,0.03214285714285714,1.0822,0.7351724137931035,1.0450877192982455,1.9521428571428572,0.0215,0.03586206896551724,0.018421052631578946,0.004285714285714286,0.47646000000000027,0.8776149999999999,-1.0604300000000002,0.3097,0.0768,0.7642,0.159,0.2389,0.0067,0.7544,0.057904964711859706
109,0.1131,0.15931034482758621,0.11035087719298245,0.02857142857142857,1.094,0.7827586206896552,1.0428070175438597,1.947142857142857,0.03,0.05586206896551724,0.02280701754385965,0.005714285714285714,0.4477900000000003,0.8761149999999999,-1.0611329999999999,0.3368,0.063,0.78,0.157,0.2514,0.0074,0.7412,0.05761543988830041
110,0.0786,0.10689655172413794,0.07526315789473684,0.03357142857142857,1.0897,0.8051724137931034,1.0275438596491229,1.9321428571428572,0.0198,0.038275862068965515,0.014210526315789474,0.004285714285714286,0.46111000000000024,0.8751249999999999,-1.071232,0.3149,0.0565,0.7973,0.1462,0.2492,0.0095,0.7413,0.05732736268885891
111,0.0706,0.07793103448275862,0.07280701754385965,0.04642857142857143,1.0773,0.77,1.0257894736842106,1.9235714285714285,0.0187,0.02724137931034483,0.01719298245614035,0.007142857142857143,0.46788000000000024,0.8741899999999999,-1.0592770000000002,0.2967,0.0667,0.7893,0.144,0.238,0.0107,0.7513,0.05704072587541461
112,0.0613,0.07689655172413794,0.06210526315789474,0.025714285714285714,1.0702,0.7510344827586207,1.0243859649122806,1.917857142857143,0.0162,0.02689655172413793,0.013333333333333334,0.005714285714285714,0.48234000000000027,0.8733799999999998,-1.0554459999999999,0.2909,0.0722,0.7854,0.1424,0.2317,0.0115,0.7568,0.05675552224603753
113,0.086,0.08275862068965517,0.10245614035087719,0.025714285714285714,1.0711,0.7093103448275863,1.0471929824561403,1.917857142857143,0.0202,0.02724137931034483,0.020526315789473684,0.004285714285714286,0.46873000000000026,0.8723699999999999,-1.049539,0.3065,0.0843,0.7603,0.1554,0.2326,0.0115,0.7559,0.05647174463480734
114,0.0609,0.08,0.06070175438596491,0.02214285714285714,1.0629,0.7196551724137931,1.0224561403508772,1.9385714285714286,0.0172,0.030689655172413795,0.013859649122807018,0.002857142857142857,0.47706000000000026,0.87151,-1.046533,0.2747,0.0813,0.7745,0.1442,0.2215,0.0086,0.7699,0.056189385911633305
115,0.0776,0.07482758620689656,0.08982456140350877,0.03357142857142857,1.0774,0.7427586206896551,1.0368421052631578,1.9357142857142857,0.0189,0.028620689655172414,0.017719298245614034,0.0035714285714285713,0.46922000000000025,0.8705649999999998,-1.0577159999999999,0.2971,0.0746,0.7734,0.152,0.2364,0.009,0.7546,0.05590843898207514
116,0.0672,0.05896551724137931,0.07789473684210527,0.04071428571428572,1.0747,0.7479310344827587,1.0275438596491229,1.9435714285714285,0.0162,0.021379310344827585,0.01649122807017544,0.004285714285714286,0.4814200000000003,0.8697549999999998,-1.05972,0.2812,0.0731,0.7791,0.1478,0.2326,0.0079,0.7595,0.05562889678716477
117,0.0736,0.13379310344827586,0.05368421052631579,0.03,1.07,0.7372413793103448,1.020877192982456,1.9592857142857143,0.0197,0.04172413793103448,0.012456140350877193,0.0035714285714285713,0.4869700000000003,0.8687699999999998,-1.050855,0.2878,0.0762,0.7776,0.1462,0.2257,0.0057,0.7686,0.055350752303228945
118,0.0844,0.13793103448275862,0.06666666666666667,0.045714285714285714,1.0762,0.7448275862068966,1.030877192982456,1.947142857142857,0.0227,0.04448275862068966,0.015263157894736841,0.007857142857142858,0.4880100000000003,0.8676349999999999,-1.053604,0.306,0.074,0.7758,0.1502,0.2336,0.0074,0.759,0.0550739985417128
119,0.0827,0.10206896551724139,0.08789473684210526,0.02142857142857143,1.0837,0.7720689655172414,1.035438596491228,1.9257142857142857,0.0216,0.033448275862068964,0.020350877192982456,0.002142857142857143,0.47625000000000023,0.866555,-1.060924,0.3147,0.0661,0.7841,0.1498,0.2441,0.0104,0.7455,0.05479862854900423
120,0.0658,0.07344827586206897,0.07192982456140351,0.025,1.0757,0.7537931034482759,1.0270175438596492,1.9407142857142856,0.0157,0.02586206896551724,0.014035087719298246,0.0014285714285714286,0.4931600000000003,0.8657699999999998,-1.061691,0.2873,0.0714,0.7815,0.1471,0.234,0.0083,0.7577,0.05452463540625921
121,0.0819,0.12310344827586207,0.07280701754385965,0.03357142857142857,1.0744,0.7489655172413793,1.0259649122807017,1.9457142857142857,0.0221,0.04379310344827586,0.01456140350877193,0.007857142857142858,0.4888100000000003,0.8646649999999999,-1.051865,0.2977,0.0728,0.78,0.1472,0.232,0.0076,0.7604,0.05425201222922791
122,0.0948,0.13896551724137932,0.08947368421052632,0.025,1.0797,0.7603448275862069,1.0373684210526315,1.9135714285714285,0.024,0.04482758620689655,0.018771929824561405,0.002142857142857143,0.4777700000000002,0.8634649999999999,-1.0545959999999999,0.3276,0.0695,0.7813,0.1492,0.2418,0.0121,0.7461,0.05398075216808177
123,0.0867,0.09413793103448276,0.09807017543859649,0.025,1.082,0.7444827586206897,1.040877192982456,1.9485714285714286,0.0215,0.03379310344827586,0.02017543859649123,0.0014285714285714286,0.4758000000000002,0.8623899999999999,-1.0603029999999998,0.3042,0.0741,0.7698,0.1561,0.2392,0.0072,0.7536,0.053710848407241364
124,0.0826,0.10241379310344828,0.08578947368421053,0.02857142857142857,1.0885,0.7679310344827586,1.0352631578947369,1.9692857142857143,0.021,0.03517241379310345,0.01807017543859649,0.0035714285714285713,0.46839000000000025,0.8613399999999999,-1.0667590000000002,0.3012,0.0673,0.7769,0.1558,0.2428,0.0043,0.7529,0.053442294165205156
125,0.0652,0.11068965517241379,0.05105263157894737,0.02857142857142857,1.0808,0.7872413793103449,1.0156140350877192,1.9542857142857142,0.0174,0.03896551724137931,0.01,0.002857142857142857,0.4849300000000003,0.86047,-1.0650540000000002,0.291,0.0617,0.7958,0.1425,0.2372,0.0064,0.7564,0.05317508269437913
126,0.0675,0.08931034482758621,0.06649122807017543,0.02642857142857143,1.0837,0.7737931034482759,1.0243859649122806,1.967142857142857,0.0164,0.030344827586206897,0.013157894736842105,0.0007142857142857143,0.4989000000000003,0.8596499999999999,-1.068697,0.2873,0.0656,0.7851,0.1493,0.2383,0.0046,0.7571,0.052909207280907235
127,0.078,0.08724137931034483,0.08614035087719299,0.025714285714285714,1.0872,0.7586206896551724,1.0364912280701755,1.9742857142857142,0.0191,0.030689655172413795,0.01719298245614035,0.002857142857142857,0.4966900000000003,0.8586949999999998,-1.067879,0.2941,0.07,0.7728,0.1572,0.2408,0.0036,0.7556,0.0526446612445027
128,0.0794,0.09896551724137931,0.08298245614035088,0.024285714285714285,1.0746,0.7303448275862069,1.0333333333333334,1.9557142857142857,0.0209,0.03379310344827586,0.018421052631578946,0.004285714285714286,0.4967800000000003,0.8576499999999999,-1.053709,0.2909,0.0782,0.769,0.1528,0.2308,0.0062,0.763,0.052381437938280186
129,0.0874,0.15241379310344827,0.07035087719298246,0.02214285714285714,1.0838,0.7627586206896552,1.0314035087719298,1.9621428571428572,0.024,0.05379310344827586,0.014035087719298246,0.002857142857142857,0.4871600000000003,0.85645,-1.0588380000000002,0.3118,0.0688,0.7786,0.1526,0.2391,0.0053,0.7556,0.052119530748588785
130,0.0915,0.11827586206896552,0.08964912280701755,0.04357142857142857,1.0967,0.8010344827586207,1.0370175438596492,1.9521428571428572,0.0229,0.04103448275862069,0.018771929824561405,0.002142857142857143,0.4802800000000002,0.8553049999999999,-1.0731119999999998,0.3222,0.0577,0.7879,0.1544,0.2534,0.0067,0.7399,0.05185893309484584
131,0.0768,0.10827586206896551,0.07245614035087719,0.029285714285714286,1.0901,0.7972413793103448,1.0280701754385966,1.9492857142857143,0.0216,0.04172413793103448,0.015964912280701755,0.002857142857142857,0.4891500000000002,0.8542249999999999,-1.0693870000000003,0.3088,0.0588,0.7923,0.1489,0.2472,0.0071,0.7457,0.05159963842937161
132,0.0793,0.09827586206896552,0.07912280701754386,0.04071428571428572,1.0885,0.7789655172413793,1.033157894736842,1.955,0.0193,0.03310344827586207,0.01631578947368421,0.002857142857142857,0.4894800000000003,0.85326,-1.069233,0.3048,0.0641,0.7833,0.1526,0.2448,0.0063,0.7489,0.051341640237224755
133,0.0899,0.15344827586206897,0.05754385964912281,0.09,1.0825,0.7862068965517242,1.0252631578947369,1.9292857142857143,0.0237,0.05551724137931034,0.011403508771929825,0.007857142857142858,0.49010000000000026,0.8520749999999999,-1.058862,0.3211,0.062,0.7935,0.1445,0.2424,0.0099,0.7477,0.05108493203603863
134,0.0897,0.13379310344827586,0.08035087719298245,0.03642857142857143,1.0934,0.8024137931034483,1.0336842105263158,1.9392857142857143,0.024,0.04827586206896552,0.017368421052631578,0.0007142857142857143,0.4907000000000002,0.850875,-1.0694600000000003,0.3269,0.0573,0.792,0.1507,0.2519,0.0085,0.7396,0.05082950737585844
135,0.073,0.09793103448275862,0.07035087719298246,0.03214285714285714,1.0858,0.7862068965517242,1.0271929824561403,1.945,0.0191,0.038275862068965515,0.013333333333333334,0.002857142857142857,0.49102000000000035,0.84992,-1.066732,0.3028,0.062,0.7902,0.1478,0.2435,0.0077,0.7488,0.05057535983897914
136,0.0762,0.08517241379310345,0.08315789473684211,0.029285714285714286,1.0892,0.78,1.0375438596491229,1.94,0.0171,0.029655172413793104,0.014035087719298246,0.0035714285714285713,0.49897000000000025,0.8490650000000001,-1.072895,0.3105,0.0638,0.7832,0.153,0.2476,0.0084,0.744,0.050322483039784247
137,0.0781,0.11379310344827587,0.0731578947368421,0.024285714285714285,1.0841,0.766551724137931,1.0319298245614035,1.9542857142857142,0.022,0.04068965517241379,0.017543859649122806,0.0014285714285714286,0.4920200000000003,0.847965,-1.061405,0.3045,0.0677,0.7805,0.1518,0.2405,0.0064,0.7531,0.050070870624585324
138,0.0941,0.1610344827586207,0.07789473684210527,0.02142857142857143,1.0865,0.766896551724138,1.0336842105263158,1.9635714285714285,0.0251,0.05517241379310345,0.015789473684210527,0.0007142857142857143,0.4937500000000003,0.8467099999999999,-1.0615729999999999,0.3177,0.0676,0.7783,0.1541,0.2416,0.0051,0.7533,0.049820516271462396
139,0.1015,0.1289655172413793,0.10684210526315789,0.022857142857142857,1.0872,0.7482758620689656,1.0410526315789475,1.977142857142857,0.0245,0.04586206896551724,0.01912280701754386,0.002142857142857143,0.4914500000000003,0.8454849999999998,-1.06247,0.3076,0.073,0.7668,0.1602,0.2404,0.0032,0.7564,0.049571413690105086
140,0.0752,0.08689655172413793,0.0819298245614035,0.023571428571428573,1.0802,0.7410344827586207,1.0347368421052632,1.9678571428571427,0.0185,0.026551724137931033,0.01807017543859649,0.0035714285714285713,0.48871000000000026,0.8445600000000001,-1.061426,0.2887,0.0751,0.7696,0.1553,0.2347,0.0045,0.7608,0.04932355662165456
141,0.0987,0.12862068965517243,0.09526315789473684,0.05071428571428571,1.0953,0.7810344827586206,1.0421052631578946,1.9628571428571429,0.0254,0.046206896551724136,0.02017543859649123,0.0035714285714285713,0.4681500000000003,0.84329,-1.067844,0.3222,0.0635,0.7777,0.1588,0.2505,0.0052,0.7443,0.04907693883854629
142,0.0617,0.11827586206896552,0.0412280701754386,0.027857142857142858,1.0838,0.7955172413793103,1.0135087719298246,1.967142857142857,0.0185,0.04586206896551724,0.008947368421052631,0.0007142857142857143,0.5007000000000003,0.842365,-1.068555,0.2896,0.0593,0.7976,0.1431,0.2384,0.0046,0.757,0.048831554144353556
143,0.0918,0.13655172413793104,0.08350877192982456,0.032857142857142856,1.0859,0.7648275862068965,1.0349122807017543,1.9585714285714286,0.0221,0.046206896551724136,0.014035087719298246,0.005,0.4975600000000003,0.8412599999999999,-1.0634860000000002,0.3128,0.0682,0.7777,0.1541,0.2417,0.0058,0.7525,0.04858739637363179
144,0.0859,0.1296551724137931,0.07719298245614035,0.030714285714285715,1.0852,0.766896551724138,1.033157894736842,1.9564285714285714,0.0227,0.04310344827586207,0.017017543859649122,0.0035714285714285713,0.49702000000000024,0.8401250000000001,-1.062446,0.31,0.0676,0.7796,0.1528,0.2413,0.0061,0.7526,0.04834445939176363
145,0.0946,0.1096551724137931,0.10350877192982456,0.027142857142857142,1.093,0.7655172413793103,1.0459649122807018,1.9628571428571429,0.0222,0.034482758620689655,0.02087719298245614,0.002142857142857143,0.4850700000000003,0.8390150000000001,-1.069605,0.3166,0.068,0.771,0.161,0.2482,0.0052,0.7466,0.04810273709480481
146,0.0737,0.09206896551724138,0.07824561403508772,0.017142857142857144,1.0926,0.7872413793103449,1.0294736842105263,1.9821428571428572,0.0193,0.03310344827586207,0.017017543859649122,0.0,0.48281000000000035,0.8380500000000002,-1.073074,0.2936,0.0617,0.784,0.1543,0.2451,0.0025,0.7524,0.04786222340933079
147,0.0927,0.17379310344827587,0.06263157894736843,0.047142857142857146,1.0967,0.8227586206896552,1.0235087719298246,1.9621428571428572,0.0256,0.0596551724137931,0.013333333333333334,0.005,0.48283000000000026,0.8367700000000001,-1.071102,0.3264,0.0514,0.8005,0.1481,0.252,0.0053,0.7427,0.04762291229228413
148,0.0931,0.15724137931034482,0.06842105263157895,0.060714285714285714,1.0954,0.8093103448275862,1.0298245614035089,1.955,0.0227,0.05,0.013508771929824562,0.0035714285714285713,0.49370000000000025,0.8356350000000001,-1.0737869999999998,0.3269,0.0553,0.794,0.1507,0.2517,0.0063,0.742,0.04738479773082271
149,0.0945,0.12344827586206897,0.09596491228070175,0.02857142857142857,1.0993,0.8051724137931034,1.0396491228070175,1.9514285714285715,0.0222,0.044137931034482755,0.015789473684210527,0.002857142857142857,0.49588000000000027,0.834525,-1.0773179999999998,0.3281,0.0565,0.7877,0.1558,0.2561,0.0068,0.7371,0.04714787374216859
150,0.0721,0.10758620689655173,0.06666666666666667,0.020714285714285713,1.0955,0.8041379310344827,1.0310526315789474,1.9614285714285715,0.0192,0.038620689655172416,0.013859649122807018,0.0007142857142857143,0.5052300000000003,0.8335650000000001,-1.077235,0.3106,0.0568,0.7909,0.1523,0.2509,0.0054,0.7437,0.046912134373457745
151,0.0768,0.10379310344827586,0.07701754385964912,0.02,1.0966,0.8120689655172414,1.0291228070175438,1.9607142857142856,0.0199,0.038620689655172416,0.014736842105263158,0.002142857142857143,0.5128300000000002,0.8325700000000001,-1.07746,0.3098,0.0545,0.7944,0.1511,0.2521,0.0055,0.7424,0.04667757370159046
152,0.073,0.08482758620689655,0.08017543859649123,0.019285714285714285,1.0938,0.793448275862069,1.0349122807017543,1.9557142857142857,0.0191,0.03206896551724138,0.01649122807017544,0.002857142857142857,0.5084800000000004,0.831615,-1.0742649999999998,0.3069,0.0599,0.7864,0.1537,0.25,0.0062,0.7438,0.046444185833082505
153,0.0917,0.15724137931034482,0.07543859649122807,0.02214285714285714,1.0868,0.7813793103448275,1.0310526315789474,1.9464285714285714,0.0233,0.05068965517241379,0.014385964912280702,0.002857142857142857,0.5087800000000003,0.8304499999999999,-1.0635299999999999,0.3226,0.0634,0.7864,0.1502,0.2443,0.0075,0.7482,0.046211964903917095
154,0.0938,0.14620689655172414,0.08421052631578947,0.024285714285714285,1.0964,0.7927586206896552,1.0368421052631578,1.9678571428571427,0.0252,0.05172413793103448,0.017543859649122806,0.0014285714285714286,0.4987600000000002,0.82919,-1.070198,0.3233,0.0601,0.7834,0.1565,0.2509,0.0045,0.7446,0.04598090507939751
155,0.0577,0.05448275862068966,0.06824561403508772,0.02142857142857143,1.0889,0.7844827586206896,1.0270175438596492,1.9714285714285715,0.014,0.017241379310344827,0.015087719298245613,0.002857142857142857,0.5112200000000003,0.8284900000000001,-1.0761459999999998,0.2821,0.0625,0.7861,0.1514,0.2429,0.004,0.7531,0.045751000554000526
156,0.0622,0.07379310344827586,0.0656140350877193,0.024285714285714285,1.0816,0.7579310344827587,1.0273684210526315,1.9728571428571429,0.0154,0.02413793103448276,0.014385964912280702,0.0014285714285714286,0.5202200000000002,0.82772,-1.0671,0.28,0.0702,0.778,0.1518,0.2354,0.0038,0.7608,0.04552224555123052
157,0.0525,0.07379310344827586,0.05052631578947368,0.016428571428571428,1.0815,0.763448275862069,1.0198245614035089,1.9914285714285713,0.0138,0.02379310344827586,0.011754385964912281,0.0014285714285714286,0.5324700000000002,0.8270299999999999,-1.068925,0.2678,0.0686,0.7813,0.1501,0.2327,0.0012,0.7661,0.04529463432347437
158,0.0718,0.12551724137931033,0.05701754385964912,0.020714285714285713,1.079,0.7486206896551724,1.0256140350877192,1.9807142857142856,0.0185,0.04310344827586207,0.010350877192982456,0.0007142857142857143,0.5368400000000002,0.8261049999999999,-1.0609369999999998,0.2881,0.0729,0.7752,0.1519,0.2317,0.0027,0.7656,0.045068161151857
159,0.0733,0.07724137931034483,0.08315789473684211,0.025,1.0942,0.7737931034482759,1.0370175438596492,1.9907142857142857,0.0197,0.03103448275862069,0.018596491228070177,0.0007142857142857143,0.5262200000000002,0.8251200000000001,-1.073438,0.2916,0.0656,0.7746,0.1598,0.2455,0.0013,0.7532,0.04484282034609772
160,0.0666,0.07137931034482758,0.0731578947368421,0.03,1.0831,0.7448275862068966,1.0324561403508772,1.99,0.0162,0.02620689655172414,0.01456140350877193,0.002142857142857143,0.5278200000000002,0.82431,-1.0670600000000001,0.2765,0.074,0.7689,0.1571,0.2345,0.0014,0.7641,0.04461860624436723
161,0.0725,0.06482758620689655,0.08578947368421053,0.03428571428571429,1.088,0.7648275862068965,1.0356140350877192,1.9707142857142856,0.0163,0.02517241379310345,0.01456140350877193,0.005,0.5283000000000003,0.8234950000000001,-1.0717480000000001,0.2894,0.0682,0.7756,0.1562,0.2421,0.0041,0.7538,0.044395513213145395
162,0.0918,0.13793103448275862,0.0819298245614035,0.03642857142857143,1.0827,0.7655172413793103,1.0363157894736843,1.9285714285714286,0.0226,0.04448275862068966,0.015964912280701755,0.004285714285714286,0.5220700000000001,0.8223650000000001,-1.059477,0.3234,0.068,0.7813,0.1507,0.2427,0.01,0.7473,0.04417353564707967
163,0.0884,0.1296551724137931,0.0819298245614035,0.029285714285714286,1.0759,0.7489655172413793,1.035438596491228,1.917857142857143,0.0206,0.041379310344827586,0.014210526315789474,0.0035714285714285713,0.5279800000000002,0.821335,-1.055891,0.3182,0.0728,0.7785,0.1487,0.2374,0.0115,0.7511,0.04395266796884427
164,0.0964,0.14172413793103447,0.09052631578947369,0.02642857142857143,1.0864,0.7758620689655172,1.0417543859649123,1.9114285714285715,0.0239,0.04655172413793104,0.017368421052631578,0.0035714285714285713,0.5047600000000003,0.82014,-1.0601779999999998,0.3385,0.065,0.7836,0.1514,0.2488,0.0124,0.7388,0.04373290462900005
165,0.085,0.08758620689655172,0.09964912280701754,0.02,1.0931,0.7772413793103449,1.0466666666666666,1.9364285714285714,0.021,0.031724137931034485,0.02,0.002857142857142857,0.49947000000000025,0.8190900000000001,-1.0715709999999998,0.3218,0.0646,0.7777,0.1577,0.252,0.0089,0.7391,0.04351424010585505
166,0.0561,0.06413793103448276,0.05947368421052632,0.025714285714285714,1.0797,0.77,1.0247368421052632,1.945,0.0152,0.022758620689655173,0.014210526315789474,0.0035714285714285713,0.5084400000000003,0.8183299999999999,-1.0653970000000001,0.2855,0.0667,0.7869,0.1464,0.2374,0.0077,0.7549,0.043296668905325776
167,0.0821,0.10413793103448275,0.07877192982456141,0.05,1.0728,0.7310344827586207,1.0371929824561403,1.9257142857142857,0.0209,0.03689655172413793,0.01719298245614035,0.002857142857142857,0.5081600000000003,0.817285,-1.0518720000000001,0.3054,0.078,0.7712,0.1508,0.2332,0.0104,0.7564,0.04308018556079915
168,0.0821,0.10137931034482758,0.08543859649122806,0.02857142857142857,1.0801,0.7603448275862069,1.036140350877193,1.9214285714285715,0.0199,0.033448275862068964,0.016842105263157894,0.004285714285714286,0.4954300000000003,0.8162900000000001,-1.058927,0.3131,0.0695,0.7809,0.1496,0.2411,0.011,0.7479,0.04286478463299515
169,0.065,0.08931034482758621,0.06280701754385964,0.023571428571428573,1.0753,0.7641379310344828,1.026140350877193,1.92,0.0161,0.02724137931034483,0.01368421052631579,0.002857142857142857,0.5049600000000003,0.815485,-1.060153,0.2997,0.0684,0.7879,0.1437,0.2365,0.0112,0.7523,0.042650460709830175
170,0.0594,0.06689655172413793,0.06614035087719299,0.016428571428571428,1.068,0.7248275862068966,1.026140350877193,1.9492857142857143,0.0154,0.023448275862068966,0.014912280701754385,0.0007142857142857143,0.5162200000000002,0.814715,-1.053726,0.2736,0.0798,0.7724,0.1478,0.2251,0.0071,0.7678,0.04243720840628103
171,0.071,0.11793103448275861,0.060350877192982454,0.017142857142857144,1.0705,0.733103448275862,1.024561403508772,1.9564285714285714,0.0183,0.039655172413793106,0.011578947368421053,0.0014285714285714286,0.5211700000000004,0.8137999999999999,-1.0526949999999997,0.287,0.0774,0.7747,0.1479,0.2266,0.0061,0.7673,0.042225022364249624
172,0.06,0.07689655172413794,0.060526315789473685,0.022857142857142857,1.0657,0.7182758620689655,1.0252631578947369,1.95,0.0176,0.031724137931034485,0.014035087719298246,0.002857142857142857,0.5300000000000002,0.8129199999999999,-1.0489830000000002,0.2734,0.0817,0.7709,0.1474,0.2227,0.007,0.7703,0.04201389725242838
173,0.0719,0.08862068965517242,0.07491228070175439,0.025,1.0814,0.7448275862068966,1.0357894736842106,1.9642857142857142,0.0179,0.031724137931034485,0.014912280701754385,0.0014285714285714286,0.5279000000000004,0.8120249999999999,-1.06329,0.2925,0.074,0.7706,0.1554,0.2364,0.005,0.7586,0.041803827766166236
174,0.0642,0.07586206896551724,0.06824561403508772,0.023571428571428573,1.0737,0.7203448275862069,1.0335087719298246,1.9692857142857143,0.0187,0.029655172413793104,0.01719298245614035,0.002142857142857143,0.5222300000000002,0.8110899999999998,-1.054433,0.2777,0.0811,0.7641,0.1548,0.228,0.0043,0.7677,0.0415948086273354
175,0.0786,0.10620689655172413,0.07947368421052632,0.017857142857142856,1.0814,0.7403448275862069,1.0371929824561403,1.9678571428571427,0.0191,0.03379310344827586,0.015614035087719299,0.002857142857142857,0.5213600000000003,0.8101349999999998,-1.0622129999999999,0.2969,0.0753,0.768,0.1567,0.2359,0.0045,0.7596,0.04138683458419873
176,0.0694,0.1317241379310345,0.04824561403508772,0.02642857142857143,1.0601,0.7062068965517241,1.0178947368421052,1.965,0.0203,0.047241379310344826,0.01087719298245614,0.002857142857142857,0.5344000000000003,0.8091199999999998,-1.041104,0.2732,0.0852,0.7695,0.1453,0.215,0.0049,0.7801,0.04117990041127773
177,0.0671,0.045172413793103446,0.09140350877192982,0.013571428571428571,1.0687,0.6858620689655173,1.042982456140351,1.9664285714285714,0.0161,0.01896551724137931,0.018245614035087718,0.0014285714285714286,0.5311900000000003,0.8083149999999998,-1.0522790000000002,0.2704,0.0911,0.7491,0.1598,0.2234,0.0047,0.7719,0.04097400090922134
178,0.0737,0.05448275862068966,0.09736842105263158,0.017142857142857144,1.0659,0.676896551724138,1.040877192982456,1.9735714285714285,0.0181,0.019655172413793102,0.02157894736842105,0.0007142857142857143,0.5210000000000004,0.8074099999999997,-1.046781,0.2661,0.0937,0.7467,0.1596,0.2196,0.0037,0.7767,0.04076913090467523
179,0.0671,0.09586206896551724,0.06543859649122807,0.014285714285714285,1.0696,0.7027586206896552,1.030701754385965,1.9878571428571428,0.0182,0.035517241379310345,0.013508771929824562,0.0014285714285714286,0.5228500000000004,0.8064999999999998,-1.051585,0.27,0.0862,0.758,0.1558,0.2213,0.0017,0.777,0.04056528525015186
180,0.0915,0.1520689655172414,0.0775438596491228,0.022857142857142857,1.0703,0.7193103448275862,1.0298245614035089,1.9621428571428572,0.0247,0.05310344827586207,0.015614035087719299,0.002857142857142857,0.5112200000000002,0.8052649999999998,-1.0444369999999998,0.2973,0.0814,0.7669,0.1517,0.2256,0.0053,0.7691,0.0403624588239011
181,0.0934,0.18275862068965518,0.06614035087719299,0.019285714285714285,1.076,0.7458620689655172,1.0280701754385966,1.955,0.0255,0.06137931034482759,0.012807017543859649,0.002857142857142857,0.5139700000000003,0.8039899999999998,-1.050775,0.3139,0.0737,0.7766,0.1497,0.2323,0.0063,0.7614,0.04016064652978159
182,0.0737,0.09586206896551724,0.07350877192982457,0.02857142857142857,1.082,0.7603448275862069,1.030877192982456,1.9564285714285714,0.018,0.03689655172413793,0.012280701754385965,0.002142857142857143,0.5175200000000002,0.8030899999999999,-1.0643550000000002,0.2957,0.0695,0.779,0.1515,0.2381,0.0061,0.7558,0.03995984329713268
183,0.0741,0.11517241379310345,0.06596491228070175,0.02214285714285714,1.0875,0.7844827586206896,1.0278947368421052,1.957857142857143,0.0191,0.03793103448275862,0.013333333333333334,0.0035714285714285713,0.5282400000000003,0.8021349999999998,-1.069472,0.3045,0.0625,0.7875,0.15,0.2434,0.0059,0.7507,0.03976004408064702
184,0.0857,0.11655172413793104,0.08473684210526315,0.025714285714285714,1.0839,0.7662068965517241,1.0356140350877192,1.9385714285714286,0.0209,0.04068965517241379,0.015087719298245613,0.0035714285714285713,0.5317600000000002,0.8010899999999997,-1.063352,0.3138,0.0678,0.7805,0.1517,0.2425,0.0086,0.7489,0.03956124386024378
185,0.1004,0.17620689655172414,0.08228070175438597,0.017142857142857144,1.0856,0.7641379310344828,1.035438596491228,1.9557142857142857,0.0266,0.05896551724137931,0.015789473684210527,0.0035714285714285713,0.5250700000000003,0.79976,-1.058331,0.3255,0.0684,0.7776,0.154,0.2418,0.0062,0.752,0.039363437640942564
186,0.1108,0.1986206896551724,0.08789473684210526,0.02214285714285714,1.0798,0.7389655172413793,1.0414035087719298,1.9421428571428572,0.0309,0.07310344827586207,0.016666666666666666,0.0014285714285714286,0.5175700000000003,0.7982149999999999,-1.04815,0.3353,0.0757,0.7688,0.1555,0.2379,0.0081,0.754,0.03916662045273785
187,0.1248,0.21655172413793103,0.10105263157894737,0.03142857142857143,1.0941,0.7858620689655172,1.0410526315789475,1.9485714285714286,0.0323,0.07172413793103448,0.019473684210526317,0.002857142857142857,0.5008600000000002,0.7965999999999999,-1.060129,0.3519,0.0621,0.7817,0.1562,0.2513,0.0072,0.7415,0.03897078735047416
188,0.07,0.08620689655172414,0.0756140350877193,0.013571428571428571,1.0822,0.7551724137931034,1.033859649122807,1.9564285714285714,0.0181,0.031379310344827584,0.015789473684210527,0.0,0.5123500000000004,0.7956949999999999,-1.065249,0.2948,0.071,0.7758,0.1532,0.2383,0.0061,0.7556,0.03877593341372179
189,0.0417,0.040344827586206895,0.048771929824561404,0.015714285714285715,1.0752,0.7462068965517241,1.0228070175438597,1.97,0.0117,0.017586206896551725,0.01087719298245614,0.002857142857142857,0.5341300000000003,0.79511,-1.065678,0.2625,0.0736,0.7776,0.1488,0.2294,0.0042,0.7664,0.03858205374665318
190,0.0452,0.046206896551724136,0.05157894736842105,0.017142857142857144,1.0632,0.7113793103448276,1.020877192982456,1.9642857142857142,0.0116,0.017586206896551725,0.011052631578947368,0.0014285714285714286,0.5539900000000002,0.7945299999999998,-1.0535860000000001,0.2535,0.0837,0.7694,0.1469,0.2182,0.005,0.7768,0.03838914347791991
191,0.0773,0.14413793103448275,0.05701754385964912,0.02142857142857143,1.0672,0.7148275862068966,1.0259649122807017,1.965,0.0223,0.05068965517241379,0.012807017543859649,0.002142857142857143,0.5398900000000003,0.7934149999999998,-1.04349,0.2885,0.0827,0.7674,0.1499,0.2221,0.0049,0.773,0.038197197760530315
192,0.1089,0.19827586206896552,0.0856140350877193,0.018571428571428572,1.0868,0.7548275862068966,1.0403508771929824,1.9635714285714285,0.0275,0.06344827586206897,0.015263157894736841,0.002857142857142857,0.5277900000000002,0.7920399999999999,-1.05809,0.3326,0.0711,0.771,0.1579,0.2419,0.0051,0.753,0.038006211771727666
193,0.1035,0.17689655172413793,0.08526315789473685,0.025714285714285714,1.0889,0.776896551724138,1.0366666666666666,1.947857142857143,0.0273,0.06,0.016666666666666666,0.002857142857142857,0.5225800000000003,0.790675,-1.0610789999999999,0.333,0.0647,0.7817,0.1536,0.2462,0.0073,0.7465,0.037816180712869026
194,0.1018,0.1413793103448276,0.10035087719298245,0.025714285714285714,1.0942,0.7748275862068965,1.0480701754385966,1.9435714285714285,0.0266,0.05241379310344828,0.019473684210526317,0.002142857142857143,0.5123900000000003,0.789345,-1.066581,0.3363,0.0653,0.7752,0.1595,0.2521,0.0079,0.74,0.03762709980930468
195,0.096,0.1579310344827586,0.08491228070175438,0.012857142857142857,1.096,0.7917241379310345,1.0356140350877192,1.9721428571428572,0.0257,0.05758620689655172,0.015438596491228071,0.0014285714285714286,0.5081000000000002,0.78806,-1.069871,0.3238,0.0604,0.7832,0.1564,0.2499,0.0039,0.7462,0.03743896431025816
196,0.0788,0.15310344827586206,0.054912280701754385,0.02214285714285714,1.0785,0.7658620689655172,1.0217543859649123,1.957142857142857,0.0228,0.04827586206896552,0.01456140350877193,0.0035714285714285713,0.5185800000000003,0.7869200000000001,-1.056748,0.3033,0.0679,0.7857,0.1464,0.2345,0.006,0.7595,0.037251769488706864
197,0.0737,0.1579310344827586,0.042105263157894736,0.027857142857142858,1.0783,0.78,1.0180701754385966,1.9414285714285715,0.0204,0.05275862068965517,0.008070175438596491,0.0035714285714285713,0.5358400000000004,0.7858999999999999,-1.059626,0.309,0.0638,0.7941,0.1421,0.2365,0.0082,0.7553,0.03706551064126333
198,0.0788,0.10413793103448275,0.08140350877192983,0.015714285714285715,1.0938,0.7906896551724137,1.0394736842105263,1.9428571428571428,0.0212,0.040344827586206895,0.015964912280701755,0.002857142857142857,0.5307600000000003,0.7848399999999999,-1.072092,0.3205,0.0607,0.7848,0.1545,0.2518,0.008,0.7402,0.03688018308805701
199,0.0681,0.10758620689655173,0.06070175438596491,0.016428571428571428,1.0747,0.7462068965517241,1.0250877192982457,1.957142857142857,0.0183,0.03896551724137931,0.011578947368421053,0.002857142857142857,0.5446700000000003,0.7839249999999999,-1.057791,0.2882,0.0736,0.7781,0.1483,0.2307,0.006,0.7633,0.03669578217261672
