iteration,sigma_c_low_ai,sigma_c_medium_ai,sigma_c_high_ai,sigma_f_low_verify,sigma_f_base_verify,sigma_f_high_verify,sigma_f_sus_low,sigma_f_sus_mid,sigma_f_sus_high,candidate_br_low,candidate_br_medium,candidate_br_high,firm_br_verification,firm_br_suspicion_idx
0,0.3333333333333333,0.3333333333333333,0.3333333333333333,0.0,1.0,0.0,0.0,1.0,0.0,0,0,0,BaseVerify,1
1,0.25,0.25,0.25,0.0,1.0,0.0,0.0,1.0,0.0,0,0,0,BaseVerify,1
2,0.2,0.2,0.2,0.0,1.0,0.0,0.0,1.0,0.0,0,0,0,BaseVerify,1
3,0.16666666666666666,0.16666666666666666,0.16666666666666666,0.0,1.0,0.0,0.0,1.0,0.0,0,0,0,BaseVerify,1
4,0.14285714285714285,0.14285714285714285,0.14285714285714285,0.0,1.0,0.0,0.0,1.0,0.0,0,0,0,BaseVerify,1
5,0.125,0.125,0.125,0.0,1.0,0.0,0.0,1.0,0.0,0,0,0,BaseVerify,1
6,0.1111111111111111,0.1111111111111111,0.1111111111111111,0.0,1.0,0.0,0.0,1.0,0.0,0,0,0,BaseVerify,1
7,0.1,0.1,0.1,0.0,1.0,0.0,0.0,1.0,0.0,0,0,0,BaseVerify,1
8,0.09090909090909091,0.09090909090909091,0.09090909090909091,0.0,1.0,0.0,0.0,1.0,0.0,0,0,0,BaseVerify,1
9,0.08333333333333333,0.08333333333333333,0.08333333333333333,0.0,1.0,0.0,0.0,1.0,0.0,0,0,0,BaseVerify,1
10,0.07692307692307693,0.07692307692307693,0.07692307692307693,0.0,1.0,0.0,0.0,1.0,0.0,0,0,0,BaseVerify,1
11,0.07142857142857142,0.07142857142857142,0.07142857142857142,0.0,1.0,0.0,0.0,1.0,0.0,0,0,0,BaseVerify,1
12,0.06666666666666667,0.06666666666666667,0.06666666666666667,0.0,1.0,0.0,0.0,1.0,0.0,0,0,0,BaseVerify,1
13,0.0625,0.0625,0.0625,0.0,1.0,0.0,0.0,1.0,0.0,0,0,0,BaseVerify,1
14,0.058823529411764705,0.058823529411764705,0.058823529411764705,0.0,1.0,0.0,0.0,1.0,0.0,0,0,0,BaseVerify,1
15,0.05555555555555555,0.05555555555555555,0.05555555555555555,0.0,1.0,0.0,0.0,1.0,0.0,0,0,0,BaseVerify,1
16,0.05263157894736842,0.05263157894736842,0.05263157894736842,0.0,1.0,0.0,0.0,1.0,0.0,0,0,0,BaseVerify,1
17,0.05,0.05,0.05,0.0,1.0,0.0,0.0,1.0,0.0,0,0,0,BaseVerify,1
18,0.047619047619047616,0.047619047619047616,0.047619047619047616,0.0,1.0,0.0,0.0,1.0,0.0,0,0,0,BaseVerify,1
19,0.045454545454545456,0.045454545454545456,0.045454545454545456,0.0,1.0,0.0,0.0,1.0,0.0,0,0,0,BaseVerify,1
20,0.043478260869565216,0.043478260869565216,0.043478260869565216,0.0,1.0,0.0,0.0,1.0,0.0,0,0,0,BaseVerify,1
21,0.041666666666666664,0.041666666666666664,0.041666666666666664,0.0,1.0,0.0,0.0,1.0,0.0,0,0,0,BaseVerify,1
22,0.04,0.04,0.04,0.0,1.0,0.0,0.0,1.0,0.0,0,0,0,BaseVerify,1
23,0.038461538461538464,0.038461538461538464,0.038461538461538464,0.0,1.0,0.0,0.0,1.0,0.0,0,0,0,BaseVerify,1
24,0.037037037037037035,0.037037037037037035,0.037037037037037035,0.0,1.0,0.0,0.0,1.0,0.0,0,0,0,BaseVerify,1
25,0.03571428571428571,0.03571428571428571,0.03571428571428571,0.0,1.0,0.0,0.0,1.0,0.0,0,0,0,BaseVerify,1
26,0.034482758620689655,0.034482758620689655,0.034482758620689655,0.0,1.0,0.0,0.0,1.0,0.0,0,0,0,BaseVerify,1
27,0.03333333333333333,0.03333333333333333,0.03333333333333333,0.0,1.0,0.0,0.0,1.0,0.0,0,0,0,BaseVerify,1
28,0.03225806451612903,0.03225806451612903,0.03225806451612903,0.0,1.0,0.0,0.0,1.0,0.0,0,0,0,BaseVerify,1
29,0.03125,0.03125,0.03125,0.0,1.0,0.0,0.0,1.0,0.0,0,0,0,BaseVerify,1
30,0.030303030303030304,0.030303030303030304,0.030303030303030304,0.0,1.0,0.0,0.0,1.0,0.0,0,0,0,BaseVerify,1
31,0.029411764705882353,0.029411764705882353,0.029411764705882353,0.0,1.0,0.0,0.0,1.0,0.0,0,0,0,BaseVerify,1
32,0.02857142857142857,0.02857142857142857,0.02857142857142857,0.0,1.0,0.0,0.0,1.0,0.0,0,0,0,BaseVerify,1
33,0.027777777777777776,0.027777777777777776,0.027777777777777776,0.0,1.0,0.0,0.0,1.0,0.0,0,0,0,BaseVerify,1
34,0.02702702702702703,0.02702702702702703,0.02702702702702703,0.0,1.0,0.0,0.0,1.0,0.0,0,0,0,BaseVerify,1
35,0.02631578947368421,0.02631578947368421,0.02631578947368421,0.0,1.0,0.0,0.0,1.0,0.0,0,0,0,BaseVerify,1
36,0.02564102564102564,0.02564102564102564,0.02564102564102564,0.0,1.0,0.0,0.0,1.0,0.0,0,0,0,BaseVerify,1
37,0.025,0.025,0.025,0.0,1.0,0.0,0.0,1.0,0.0,0,0,0,BaseVerify,1
38,0.024390243902439025,0.024390243902439025,0.024390243902439025,0.0,1.0,0.0,0.0,1.0,0.0,0,0,0,BaseVerify,1
39,0.023809523809523808,0.023809523809523808,0.023809523809523808,0.0,1.0,0.0,0.0,1.0,0.0,0,0,0,BaseVerify,1
40,0.023255813953488372,0.023255813953488372,0.023255813953488372,0.0,1.0,0.0,0.0,1.0,0.0,0,0,0,BaseVerify,1
41,0.022727272727272728,0.022727272727272728,0.022727272727272728,0.0,1.0,0.0,0.0,1.0,0.0,0,0,0,BaseVerify,1
42,0.022222222222222223,0.022222222222222223,0.022222222222222223,0.0,1.0,0.0,0.0,1.0,0.0,0,0,0,BaseVerify,1
43,0.021739130434782608,0.021739130434782608,0.021739130434782608,0.0,1.0,0.0,0.0,1.0,0.0,0,0,0,BaseVerify,1
44,0.02127659574468085,0.02127659574468085,0.02127659574468085,0.0,1.0,0.0,0.0,1.0,0.0,0,0,0,BaseVerify,1
45,0.020833333333333332,0.020833333333333332,0.020833333333333332,0.0,1.0,0.0,0.0,1.0,0.0,0,0,0,BaseVerify,1
46,0.02040816326530612,0.02040816326530612,0.02040816326530612,0.0,1.0,0.0,0.0,1.0,0.0,0,0,0,BaseVerify,1
47,0.02,0.02,0.02,0.0,1.0,0.0,0.0,1.0,0.0,0,0,0,BaseVerify,1
48,0.0196078431372549,0.0196078431372549,0.0196078431372549,0.0,1.0,0.0,0.0,1.0,0.0,0,0,0,BaseVerify,1
49,0.019230769230769232,0.019230769230769232,0.019230769230769232,0.0,1.0,0.0,0.0,1.0,0.0,0,0,0,BaseVerify,1
50,0.018867924528301886,0.018867924528301886,0.018867924528301886,0.0,1.0,0.0,0.0,1.0,0.0,0,0,0,BaseVerify,1
51,0.018518518518518517,0.018518518518518517,0.018518518518518517,0.0,1.0,0.0,0.0,1.0,0.0,0,0,0,BaseVerify,1
52,0.01818181818181818,0.01818181818181818,0.01818181818181818,0.0,1.0,0.0,0.0,1.0,0.0,0,0,0,BaseVerify,1
53,0.017857142857142856,0.017857142857142856,0.017857142857142856,0.0,1.0,0.0,0.0,1.0,0.0,0,0,0,BaseVerify,1
54,0.017543859649122806,0.017543859649122806,0.017543859649122806,0.0,1.0,0.0,0.0,1.0,0.0,0,0,0,BaseVerify,1
55,0.017241379310344827,0.017241379310344827,0.017241379310344827,0.0,1.0,0.0,0.0,1.0,0.0,0,0,0,BaseVerify,1
56,0.01694915254237288,0.01694915254237288,0.01694915254237288,0.0,1.0,0.0,0.0,1.0,0.0,0,0,0,BaseVerify,1
57,0.016666666666666666,0.016666666666666666,0.016666666666666666,0.0,1.0,0.0,0.0,1.0,0.0,0,0,0,BaseVerify,1
58,0.01639344262295082,0.01639344262295082,0.01639344262295082,0.0,1.0,0.0,0.0,1.0,0.0,0,0,0,BaseVerify,1
59,0.016129032258064516,0.016129032258064516,0.016129032258064516,0.0,1.0,0.0,0.0,1.0,0.0,0,0,0,BaseVerify,1
60,0.015873015873015872,0.015873015873015872,0.015873015873015872,0.0,1.0,0.0,0.0,1.0,0.0,0,0,0,BaseVerify,1
61,0.015625,0.015625,0.015625,0.0,1.0,0.0,0.0,1.0,0.0,0,0,0,BaseVerify,1
62,0.015384615384615385,0.015384615384615385,0.015384615384615385,0.0,1.0,0.0,0.0,1.0,0.0,0,0,0,BaseVerify,1
63,0.015151515151515152,0.015151515151515152,0.015151515151515152,0.0,1.0,0.0,0.0,1.0,0.0,0,0,0,BaseVerify,1
64,0.014925373134328358,0.014925373134328358,0.014925373134328358,0.0,1.0,0.0,0.0,1.0,0.0,0,0,0,BaseVerify,1
65,0.014705882352941176,0.014705882352941176,0.014705882352941176,0.0,1.0,0.0,0.0,1.0,0.0,0,0,0,BaseVerify,1
66,0.014492753623188406,0.014492753623188406,0.014492753623188406,0.0,1.0,0.0,0.0,1.0,0.0,0,0,0,BaseVerify,1
67,0.014285714285714285,0.014285714285714285,0.014285714285714285,0.0,1.0,0.0,0.0,1.0,0.0,0,0,0,BaseVerify,1
68,0.014084507042253521,0.014084507042253521,0.014084507042253521,0.0,1.0,0.0,0.0,1.0,0.0,0,0,0,BaseVerify,1
69,0.013888888888888888,0.013888888888888888,0.013888888888888888,0.0,1.0,0.0,0.0,1.0,0.0,0,0,0,BaseVerify,1
70,0.0136986301369863,0.0136986301369863,0.0136986301369863,0.0,1.0,0.0,0.0,1.0,0.0,0,0,0,BaseVerify,1
71,0.013513513513513514,0.013513513513513514,0.013513513513513514,0.0,1.0,0.0,0.0,1.0,0.0,0,0,0,BaseVerify,1
72,0.013333333333333334,0.013333333333333334,0.013333333333333334,0.0,1.0,0.0,0.0,1.0,0.0,0,0,0,BaseVerify,1
73,0.013157894736842105,0.013157894736842105,0.013157894736842105,0.0,1.0,0.0,0.0,1.0,0.0,0,0,0,BaseVerify,1
74,0.012987012987012988,0.012987012987012988,0.012987012987012988,0.0,1.0,0.0,0.0,1.0,0.0,0,0,0,BaseVerify,1
75,0.01282051282051282,0.01282051282051282,0.01282051282051282,0.0,1.0,0.0,0.0,1.0,0.0,0,0,0,BaseVerify,1
76,0.012658227848101266,0.012658227848101266,0.012658227848101266,0.0,1.0,0.0,0.0,1.0,0.0,0,0,0,BaseVerify,1
77,0.0125,0.0125,0.0125,0.0,1.0,0.0,0.0,1.0,0.0,0,0,0,BaseVerify,1
78,0.012345679012345678,0.012345679012345678,0.012345679012345678,0.0,1.0,0.0,0.0,1.0,0.0,0,0,0,BaseVerify,1
79,0.012195121951219513,0.012195121951219513,0.012195121951219513,0.0,1.0,0.0,0.0,1.0,0.0,0,0,0,BaseVerify,1
80,0.012048192771084338,0.012048192771084338,0.012048192771084338,0.0,1.0,0.0,0.0,1.0,0.0,0,0,0,BaseVerify,1
81,0.011904761904761904,0.011904761904761904,0.011904761904761904,0.0,1.0,0.0,0.0,1.0,0.0,0,0,0,BaseVerify,1
82,0.011764705882352941,0.011764705882352941,0.011764705882352941,0.0,1.0,0.0,0.0,1.0,0.0,0,0,0,BaseVerify,1
83,0.011627906976744186,0.011627906976744186,0.011627906976744186,0.0,1.0,0.0,0.0,1.0,0.0,0,0,0,BaseVerify,1
84,0.011494252873563218,0.011494252873563218,0.011494252873563218,0.0,1.0,0.0,0.0,1.0,0.0,0,0,0,BaseVerify,1
85,0.011363636363636364,0.011363636363636364,0.011363636363636364,0.0,1.0,0.0,0.0,1.0,0.0,0,0,0,BaseVerify,1
86,0.011235955056179775,0.011235955056179775,0.011235955056179775,0.0,1.0,0.0,0.0,1.0,0.0,0,0,0,BaseVerify,1
87,0.011111111111111112,0.011111111111111112,0.011111111111111112,0.0,1.0,0.0,0.0,1.0,0.0,0,0,0,BaseVerify,1
88,0.01098901098901099,0.01098901098901099,0.01098901098901099,0.0,1.0,0.0,0.0,1.0,0.0,0,0,0,BaseVerify,1
89,0.010869565217391304,0.010869565217391304,0.010869565217391304,0.0,1.0,0.0,0.0,1.0,0.0,0,0,0,BaseVerify,1
90,0.010752688172043012,0.010752688172043012,0.010752688172043012,0.0,1.0,0.0,0.0,1.0,0.0,0,0,0,BaseVerify,1
91,0.010638297872340425,0.010638297872340425,0.010638297872340425,0.0,1.0,0.0,0.0,1.0,0.0,0,0,0,BaseVerify,1
92,0.010526315789473684,0.010526315789473684,0.010526315789473684,0.0,1.0,0.0,0.0,1.0,0.0,0,0,0,BaseVerify,1
93,0.010416666666666666,0.010416666666666666,0.010416666666666666,0.0,1.0,0.0,0.0,1.0,0.0,0,0,0,BaseVerify,1
94,0.010309278350515464,0.010309278350515464,0.010309278350515464,0.0,1.0,0.0,0.0,1.0,0.0,0,0,0,BaseVerify,1
95,0.01020408163265306,0.01020408163265306,0.01020408163265306,0.0,1.0,0.0,0.0,1.0,0.0,0,0,0,BaseVerify,1
96,0.010101010101010102,0.010101010101010102,0.010101010101010102,0.0,1.0,0.0,0.0,1.0,0.0,0,0,0,BaseVerify,1
97,0.01,0.01,0.01,0.0,1.0,0.0,0.0,1.0,0.0,0,0,0,BaseVerify,1
98,0.009900990099009901,0.009900990099009901,0.009900990099009901,0.0,1.0,0.0,0.0,1.0,0.0,0,0,0,BaseVerify,1
99,0.00980392156862745,0.00980392156862745,0.00980392156862745,0.0,1.0,0.0,0.0,1.0,0.0,0,0,0,BaseVerify,1
100,0.009708737864077669,0.009708737864077669,0.009708737864077669,0.0,1.0,0.0,0.0,1.0,0.0,0,0,0,BaseVerify,1
101,0.009615384615384616,0.009615384615384616,0.009615384615384616,0.0,1.0,0.0,0.0,1.0,0.0,0,0,0,BaseVerify,1
102,0.009523809523809525,0.009523809523809525,0.009523809523809525,0.0,1.0,0.0,0.0,1.0,0.0,0,0,0,BaseVerify,1
103,0.009433962264150943,0.009433962264150943,0.009433962264150943,0.0,1.0,0.0,0.0,1.0,0.0,0,0,0,BaseVerify,1
104,0.009345794392523364,0.009345794392523364,0.009345794392523364,0.0,1.0,0.0,0.0,1.0,0.0,0,0,0,BaseVerify,1
105,0.009259259259259259,0.009259259259259259,0.009259259259259259,0.0,1.0,0.0,0.0,1.0,0.0,0,0,0,BaseVerify,1
106,0.009174311926605505,0.009174311926605505,0.009174311926605505,0.0,1.0,0.0,0.0,1.0,0.0,0,0,0,BaseVerify,1
107,0.00909090909090909,0.00909090909090909,0.00909090909090909,0.0,1.0,0.0,0.0,1.0,0.0,0,0,0,BaseVerify,1
108,0.009009009009009009,0.009009009009009009,0.009009009009009009,0.0,1.0,0.0,0.0,1.0,0.0,0,0,0,BaseVerify,1
109,0.008928571428571428,0.008928571428571428,0.008928571428571428,0.0,1.0,0.0,0.0,1.0,0.0,0,0,0,BaseVerify,1
110,0.008849557522123894,0.008849557522123894,0.008849557522123894,0.0,1.0,0.0,0.0,1.0,0.0,0,0,0,BaseVerify,1
111,0.008771929824561403,0.008771929824561403,0.008771929824561403,0.0,1.0,0.0,0.0,1.0,0.0,0,0,0,BaseVerify,1
112,0.008695652173913044,0.008695652173913044,0.008695652173913044,0.0,1.0,0.0,0.0,1.0,0.0,0,0,0,BaseVerify,1
113,0.008620689655172414,0.008620689655172414,0.008620689655172414,0.0,1.0,0.0,0.0,1.0,0.0,0,0,0,BaseVerify,1
114,0.008547008547008548,0.008547008547008548,0.008547008547008548,0.0,1.0,0.0,0.0,1.0,0.0,0,0,0,BaseVerify,1
115,0.00847457627118644,0.00847457627118644,0.00847457627118644,0.0,1.0,0.0,0.0,1.0,0.0,0,0,0,BaseVerify,1
116,0.008403361344537815,0.008403361344537815,0.008403361344537815,0.0,1.0,0.0,0.0,1.0,0.0,0,0,0,BaseVerify,1
117,0.008333333333333333,0.008333333333333333,0.008333333333333333,0.0,1.0,0.0,0.0,1.0,0.0,0,0,0,BaseVerify,1
118,0.008264462809917356,0.008264462809917356,0.008264462809917356,0.0,1.0,0.0,0.0,1.0,0.0,0,0,0,BaseVerify,1
119,0.00819672131147541,0.00819672131147541,0.00819672131147541,0.0,1.0,0.0,0.0,1.0,0.0,0,0,0,BaseVerify,1
120,0.008130081300813009,0.008130081300813009,0.008130081300813009,0.0,1.0,0.0,0.0,1.0,0.0,0,0,0,BaseVerify,1
121,0.008064516129032258,0.008064516129032258,0.008064516129032258,0.0,1.0,0.0,0.0,1.0,0.0,0,0,0,BaseVerify,1
122,0.008,0.008,0.008,0.0,1.0,0.0,0.0,1.0,0.0,0,0,0,BaseVerify,1
123,0.007936507936507936,0.007936507936507936,0.007936507936507936,0.0,1.0,0.0,0.0,1.0,0.0,0,0,0,BaseVerify,1
124,0.007874015748031496,0.007874015748031496,0.007874015748031496,0.0,1.0,0.0,0.0,1.0,0.0,0,0,0,BaseVerify,1
125,0.0078125,0.0078125,0.0078125,0.0,1.0,0.0,0.0,1.0,0.0,0,0,0,BaseVerify,1
126,0.007751937984496124,0.007751937984496124,0.007751937984496124,0.0,1.0,0.0,0.0,1.0,0.0,0,0,0,BaseVerify,1
127,0.007692307692307693,0.007692307692307693,0.007692307692307693,0.0,1.0,0.0,0.0,1.0,0.0,0,0,0,BaseVerify,1
128,0.007633587786259542,0.007633587786259542,0.007633587786259542,0.0,1.0,0.0,0.0,1.0,0.0,0,0,0,BaseVerify,1
129,0.007575757575757576,0.007575757575757576,0.007575757575757576,0.0,1.0,0.0,0.0,1.0,0.0,0,0,0,BaseVerify,1
130,0.007518796992481203,0.007518796992481203,0.007518796992481203,0.0,1.0,0.0,0.0,1.0,0.0,0,0,0,BaseVerify,1
131,0.007462686567164179,0.007462686567164179,0.007462686567164179,0.0,1.0,0.0,0.0,1.0,0.0,0,0,0,BaseVerify,1
132,0.007407407407407408,0.007407407407407408,0.007407407407407408,0.0,1.0,0.0,0.0,1.0,0.0,0,0,0,BaseVerify,1
133,0.007352941176470588,0.007352941176470588,0.007352941176470588,0.0,1.0,0.0,0.0,1.0,0.0,0,0,0,BaseVerify,1
134,0.0072992700729927005,0.0072992700729927005,0.0072992700729927005,0.0,1.0,0.0,0.0,1.0,0.0,0,0,0,BaseVerify,1
135,0.007246376811594203,0.007246376811594203,0.007246376811594203,0.0,1.0,0.0,0.0,1.0,0.0,0,0,0,BaseVerify,1
136,0.007194244604316547,0.007194244604316547,0.007194244604316547,0.0,1.0,0.0,0.0,1.0,0.0,0,0,0,BaseVerify,1
137,0.007142857142857143,0.007142857142857143,0.007142857142857143,0.0,1.0,0.0,0.0,1.0,0.0,0,0,0,BaseVerify,1
138,0.0070921985815602835,0.0070921985815602835,0.0070921985815602835,0.0,1.0,0.0,0.0,1.0,0.0,0,0,0,BaseVerify,1
139,0.007042253521126761,0.007042253521126761,0.007042253521126761,0.0,1.0,0.0,0.0,1.0,0.0,0,0,0,BaseVerify,1
140,0.006993006993006993,0.006993006993006993,0.006993006993006993,0.0,1.0,0.0,0.0,1.0,0.0,0,0,0,BaseVerify,1
141,0.006944444444444444,0.006944444444444444,0.006944444444444444,0.0,1.0,0.0,0.0,1.0,0.0,0,0,0,BaseVerify,1
142,0.006896551724137931,0.006896551724137931,0.006896551724137931,0.0,1.0,0.0,0.0,1.0,0.0,0,0,0,BaseVerify,1
143,0.00684931506849315,0.00684931506849315,0.00684931506849315,0.0,1.0,0.0,0.0,1.0,0.0,0,0,0,BaseVerify,1
144,0.006802721088435374,0.006802721088435374,0.006802721088435374,0.0,1.0,0.0,0.0,1.0,0.0,0,0,0,BaseVerify,1
145,0.006756756756756757,0.006756756756756757,0.006756756756756757,0.0,1.0,0.0,0.0,1.0,0.0,0,0,0,BaseVerify,1
146,0.006711409395973154,0.006711409395973154,0.006711409395973154,0.0,1.0,0.0,0.0,1.0,0.0,0,0,0,BaseVerify,1
147,0.006666666666666667,0.006666666666666667,0.006666666666666667,0.0,1.0,0.0,0.0,1.0,0.0,0,0,0,BaseVerify,1
148,0.006622516556291391,0.006622516556291391,0.006622516556291391,0.0,1.0,0.0,0.0,1.0,0.0,0,0,0,BaseVerify,1
149,0.006578947368421052,0.006578947368421052,0.006578947368421052,0.0,1.0,0.0,0.0,1.0,0.0,0,0,0,BaseVerify,1
150,0.006535947712418301,0.006535947712418301,0.006535947712418301,0.0,1.0,0.0,0.0,1.0,0.0,0,0,0,BaseVerify,1
151,0.006493506493506494,0.006493506493506494,0.006493506493506494,0.0,1.0,0.0,0.0,1.0,0.0,0,0,0,BaseVerify,1
152,0.0064516129032258064,0.0064516129032258064,0.0064516129032258064,0.0,1.0,0.0,0.0,1.0,0.0,0,0,0,BaseVerify,1
153,0.00641025641025641,0.00641025641025641,0.00641025641025641,0.0,1.0,0.0,0.0,1.0,0.0,0,0,0,BaseVerify,1
154,0.006369426751592357,0.006369426751592357,0.006369426751592357,0.0,1.0,0.0,0.0,1.0,0.0,0,0,0,BaseVerify,1
155,0.006329113924050633,0.006329113924050633,0.006329113924050633,0.0,1.0,0.0,0.0,1.0,0.0,0,0,0,BaseVerify,1
156,0.006289308176100629,0.006289308176100629,0.006289308176100629,0.0,1.0,0.0,0.0,1.0,0.0,0,0,0,BaseVerify,1
157,0.00625,0.00625,0.00625,0.0,1.0,0.0,0.0,1.0,0.0,0,0,0,BaseVerify,1
158,0.006211180124223602,0.006211180124223602,0.006211180124223602,0.0,1.0,0.0,0.0,1.0,0.0,0,0,0,BaseVerify,1
159,0.006172839506172839,0.006172839506172839,0.006172839506172839,0.0,1.0,0.0,0.0,1.0,0.0,0,0,0,BaseVerify,1
160,0.006134969325153374,0.006134969325153374,0.006134969325153374,0.0,1.0,0.0,0.0,1.0,0.0,0,0,0,BaseVerify,1
161,0.006097560975609756,0.006097560975609756,0.006097560975609756,0.0,1.0,0.0,0.0,1.0,0.0,0,0,0,BaseVerify,1
162,0.006060606060606061,0.006060606060606061,0.006060606060606061,0.0,1.0,0.0,0.0,1.0,0.0,0,0,0,BaseVerify,1
163,0.006024096385542169,0.006024096385542169,0.006024096385542169,0.0,1.0,0.0,0.0,1.0,0.0,0,0,0,BaseVerify,1
164,0.005988023952095809,0.005988023952095809,0.005988023952095809,0.0,1.0,0.0,0.0,1.0,0.0,0,0,0,BaseVerify,1
165,0.005952380952380952,0.005952380952380952,0.005952380952380952,0.0,1.0,0.0,0.0,1.0,0.0,0,0,0,BaseVerify,1
166,0.005917159763313609,0.005917159763313609,0.005917159763313609,0.0,1.0,0.0,0.0,1.0,0.0,0,0,0,BaseVerify,1
167,0.0058823529411764705,0.0058823529411764705,0.0058823529411764705,0.0,1.0,0.0,0.0,1.0,0.0,0,0,0,BaseVerify,1
168,0.005847953216374269,0.005847953216374269,0.005847953216374269,0.0,1.0,0.0,0.0,1.0,0.0,0,0,0,BaseVerify,1
169,0.005813953488372093,0.005813953488372093,0.005813953488372093,0.0,1.0,0.0,0.0,1.0,0.0,0,0,0,BaseVerify,1
170,0.005780346820809248,0.005780346820809248,0.005780346820809248,0.0,1.0,0.0,0.0,1.0,0.0,0,0,0,BaseVerify,1
171,0.005747126436781609,0.005747126436781609,0.005747126436781609,0.0,1.0,0.0,0.0,1.0,0.0,0,0,0,BaseVerify,1
172,0.005714285714285714,0.005714285714285714,0.005714285714285714,0.0,1.0,0.0,0.0,1.0,0.0,0,0,0,BaseVerify,1
173,0.005681818181818182,0.005681818181818182,0.005681818181818182,0.0,1.0,0.0,0.0,1.0,0.0,0,0,0,BaseVerify,1
174,0.005649717514124294,0.005649717514124294,0.005649717514124294,0.0,1.0,0.0,0.0,1.0,0.0,0,0,0,BaseVerify,1
175,0.0056179775280898875,0.0056179775280898875,0.0056179775280898875,0.0,1.0,0.0,0.0,1.0,0.0,0,0,0,BaseVerify,1
176,0.00558659217877095,0.00558659217877095,0.00558659217877095,0.0,1.0,0.0,0.0,1.0,0.0,0,0,0,BaseVerify,1
177,0.005555555555555556,0.005555555555555556,0.005555555555555556,0.0,1.0,0.0,0.0,1.0,0.0,0,0,0,BaseVerify,1
178,0.0055248618784530384,0.0055248618784530384,0.0055248618784530384,0.0,1.0,0.0,0.0,1.0,0.0,0,0,0,BaseVerify,1
179,0.005494505494505495,0.005494505494505495,0.005494505494505495,0.0,1.0,0.0,0.0,1.0,0.0,0,0,0,BaseVerify,1
180,0.00546448087431694,0.00546448087431694,0.00546448087431694,0.0,1.0,0.0,0.0,1.0,0.0,0,0,0,BaseVerify,1
181,0.005434782608695652,0.005434782608695652,0.005434782608695652,0.0,1.0,0.0,0.0,1.0,0.0,0,0,0,BaseVerify,1
182,0.005405405405405406,0.005405405405405406,0.005405405405405406,0.0,1.0,0.0,0.0,1.0,0.0,0,0,0,BaseVerify,1
183,0.005376344086021506,0.005376344086021506,0.005376344086021506,0.0,1.0,0.0,0.0,1.0,0.0,0,0,0,BaseVerify,1
184,0.0053475935828877,0.0053475935828877,0.0053475935828877,0.0,1.0,0.0,0.0,1.0,0.0,0,0,0,BaseVerify,1
185,0.005319148936170213,0.005319148936170213,0.005319148936170213,0.0,1.0,0.0,0.0,1.0,0.0,0,0,0,BaseVerify,1
186,0.005291005291005291,0.005291005291005291,0.005291005291005291,0.0,1.0,0.0,0.0,1.0,0.0,0,0,0,BaseVerify,1
187,0.005263157894736842,0.005263157894736842,0.005263157894736842,0.0,1.0,0.0,0.0,1.0,0.0,0,0,0,BaseVerify,1
188,0.005235602094240838,0.005235602094240838,0.005235602094240838,0.0,1.0,0.0,0.0,1.0,0.0,0,0,0,BaseVerify,1
189,0.005208333333333333,0.005208333333333333,0.005208333333333333,0.0,1.0,0.0,0.0,1.0,0.0,0,0,0,BaseVerify,1
190,0.0051813471502590676,0.0051813471502590676,0.0051813471502590676,0.0,1.0,0.0,0.0,1.0,0.0,0,0,0,BaseVerify,1
191,0.005154639175257732,0.005154639175257732,0.005154639175257732,0.0,1.0,0.0,0.0,1.0,0.0,0,0,0,BaseVerify,1
192,0.005128205128205128,0.005128205128205128,0.005128205128205128,0.0,1.0,0.0,0.0,1.0,0.0,0,0,0,BaseVerify,1
193,0.00510204081632653,0.00510204081632653,0.00510204081632653,0.0,1.0,0.0,0.0,1.0,0.0,0,0,0,BaseVerify,1
194,0.005076142131979695,0.005076142131979695,0.005076142131979695,0.0,1.0,0.0,0.0,1.0,0.0,0,0,0,BaseVerify,1
195,0.005050505050505051,0.005050505050505051,0.005050505050505051,0.0,1.0,0.0,0.0,1.0,0.0,0,0,0,BaseVerify,1
196,0.005025125628140704,0.005025125628140704,0.005025125628140704,0.0,1.0,0.0,0.0,1.0,0.0,0,0,0,BaseVerify,1
197,0.005,0.005,0.005,0.0,1.0,0.0,0.0,1.0,0.0,0,0,0,BaseVerify,1
198,0.004975124378109453,0.004975124378109453,0.004975124378109453,0.0,1.0,0.0,0.0,1.0,0.0,0,0,0,BaseVerify,1
199,0.0049504950495049506,0.0049504950495049506,0.0049504950495049506,0.0,1.0,0.0,0.0,1.0,0.0,0,0,0,BaseVerify,1
200,0.0049261083743842365,0.0049261083743842365,0.0049261083743842365,0.0,1.0,0.0,0.0,1.0,0.0,0,0,0,BaseVerify,1
201,0.004901960784313725,0.004901960784313725,0.004901960784313725,0.0,1.0,0.0,0.0,1.0,0.0,0,0,0,BaseVerify,1
202,0.004878048780487805,0.004878048780487805,0.004878048780487805,0.0,1.0,0.0,0.0,1.0,0.0,0,0,0,BaseVerify,1
203,0.0048543689320388345,0.0048543689320388345,0.0048543689320388345,0.0,1.0,0.0,0.0,1.0,0.0,0,0,0,BaseVerify,1
204,0.004830917874396135,0.004830917874396135,0.004830917874396135,0.0,1.0,0.0,0.0,1.0,0.0,0,0,0,BaseVerify,1
205,0.004807692307692308,0.004807692307692308,0.004807692307692308,0.0,1.0,0.0,0.0,1.0,0.0,0,0,0,BaseVerify,1
206,0.004784688995215311,0.004784688995215311,0.004784688995215311,0.0,1.0,0.0,0.0,1.0,0.0,0,0,0,BaseVerify,1
207,0.004761904761904762,0.004761904761904762,0.004761904761904762,0.0,1.0,0.0,0.0,1.0,0.0,0,0,0,BaseVerify,1
208,0.004739336492890996,0.004739336492890996,0.004739336492890996,0.0,1.0,0.0,0.0,1.0,0.0,0,0,0,BaseVerify,1
209,0.0047169811320754715,0.0047169811320754715,0.0047169811320754715,0.0,1.0,0.0,0.0,1.0,0.0,0,0,0,BaseVerify,1
210,0.004694835680751174,0.004694835680751174,0.004694835680751174,0.0,1.0,0.0,0.0,1.0,0.0,0,0,0,BaseVerify,1
211,0.004672897196261682,0.004672897196261682,0.004672897196261682,0.0,1.0,0.0,0.0,1.0,0.0,0,0,0,BaseVerify,1
212,0.004651162790697674,0.004651162790697674,0.004651162790697674,0.0,1.0,0.0,0.0,1.0,0.0,0,0,0,BaseVerify,1
213,0.004629629629629629,0.004629629629629629,0.004629629629629629,0.0,1.0,0.0,0.0,1.0,0.0,0,0,0,BaseVerify,1
214,0.004608294930875576,0.004608294930875576,0.004608294930875576,0.0,1.0,0.0,0.0,1.0,0.0,0,0,0,BaseVerify,1
215,0.0045871559633027525,0.0045871559633027525,0.0045871559633027525,0.0,1.0,0.0,0.0,1.0,0.0,0,0,0,BaseVerify,1
216,0.0045662100456621,0.0045662100456621,0.0045662100456621,0.0,1.0,0.0,0.0,1.0,0.0,0,0,0,BaseVerify,1
217,0.004545454545454545,0.004545454545454545,0.004545454545454545,0.0,1.0,0.0,0.0,1.0,0.0,0,0,0,BaseVerify,1
218,0.004524886877828055,0.004524886877828055,0.004524886877828055,0.0,1.0,0.0,0.0,1.0,0.0,0,0,0,BaseVerify,1
219,0.0045045045045045045,0.0045045045045045045,0.0045045045045045045,0.0,1.0,0.0,0.0,1.0,0.0,0,0,0,BaseVerify,1
220,0.004484304932735426,0.004484304932735426,0.004484304932735426,0.0,1.0,0.0,0.0,1.0,0.0,0,0,0,BaseVerify,1
221,0.004464285714285714,0.004464285714285714,0.004464285714285714,0.0,1.0,0.0,0.0,1.0,0.0,0,0,0,BaseVerify,1
222,0.0044444444444444444,0.0044444444444444444,0.0044444444444444444,0.0,1.0,0.0,0.0,1.0,0.0,0,0,0,BaseVerify,1
223,0.004424778761061947,0.004424778761061947,0.004424778761061947,0.0,1.0,0.0,0.0,1.0,0.0,0,0,0,BaseVerify,1
224,0.004405286343612335,0.004405286343612335,0.004405286343612335,0.0,1.0,0.0,0.0,1.0,0.0,0,0,0,BaseVerify,1
225,0.0043859649122807015,0.0043859649122807015,0.0043859649122807015,0.0,1.0,0.0,0.0,1.0,0.0,0,0,0,BaseVerify,1
226,0.004366812227074236,0.004366812227074236,0.004366812227074236,0.0,1.0,0.0,0.0,1.0,0.0,0,0,0,BaseVerify,1
227,0.004347826086956522,0.004347826086956522,0.004347826086956522,0.0,1.0,0.0,0.0,1.0,0.0,0,0,0,BaseVerify,1
228,0.004329004329004329,0.004329004329004329,0.004329004329004329,0.0,1.0,0.0,0.0,1.0,0.0,0,0,0,BaseVerify,1
229,0.004310344827586207,0.004310344827586207,0.004310344827586207,0.0,1.0,0.0,0.0,1.0,0.0,0,0,0,BaseVerify,1
230,0.004291845493562232,0.004291845493562232,0.004291845493562232,0.0,1.0,0.0,0.0,1.0,0.0,0,0,0,BaseVerify,1
231,0.004273504273504274,0.004273504273504274,0.004273504273504274,0.0,1.0,0.0,0.0,1.0,0.0,0,0,0,BaseVerify,1
232,0.00425531914893617,0.00425531914893617,0.00425531914893617,0.0,1.0,0.0,0.0,1.0,0.0,0,0,0,BaseVerify,1
233,0.00423728813559322,0.00423728813559322,0.00423728813559322,0.0,1.0,0.0,0.0,1.0,0.0,0,0,0,BaseVerify,1
234,0.004219409282700422,0.004219409282700422,0.004219409282700422,0.0,1.0,0.0,0.0,1.0,0.0,0,0,0,BaseVerify,1
235,0.004201680672268907,0.004201680672268907,0.004201680672268907,0.0,1.0,0.0,0.0,1.0,0.0,0,0,0,BaseVerify,1
236,0.0041841004184100415,0.0041841004184100415,0.0041841004184100415,0.0,1.0,0.0,0.0,1.0,0.0,0,0,0,BaseVerify,1
237,0.004166666666666667,0.004166666666666667,0.004166666666666667,0.0,1.0,0.0,0.0,1.0,0.0,0,0,0,BaseVerify,1
238,0.004149377593360996,0.004149377593360996,0.004149377593360996,0.0,1.0,0.0,0.0,1.0,0.0,0,0,0,BaseVerify,1
239,0.004132231404958678,0.004132231404958678,0.004132231404958678,0.0,1.0,0.0,0.0,1.0,0.0,0,0,0,BaseVerify,1
240,0.00411522633744856,0.00411522633744856,0.00411522633744856,0.0,1.0,0.0,0.0,1.0,0.0,0,0,0,BaseVerify,1
241,0.004098360655737705,0.004098360655737705,0.004098360655737705,0.0,1.0,0.0,0.0,1.0,0.0,0,0,0,BaseVerify,1
242,0.004081632653061225,0.004081632653061225,0.004081632653061225,0.0,1.0,0.0,0.0,1.0,0.0,0,0,0,BaseVerify,1
243,0.0040650406504065045,0.0040650406504065045,0.0040650406504065045,0.0,1.0,0.0,0.0,1.0,0.0,0,0,0,BaseVerify,1
244,0.004048582995951417,0.004048582995951417,0.004048582995951417,0.0,1.0,0.0,0.0,1.0,0.0,0,0,0,BaseVerify,1
245,0.004032258064516129,0.004032258064516129,0.004032258064516129,0.0,1.0,0.0,0.0,1.0,0.0,0,0,0,BaseVerify,1
246,0.004016064257028112,0.004016064257028112,0.004016064257028112,0.0,1.0,0.0,0.0,1.0,0.0,0,0,0,BaseVerify,1
247,0.004,0.004,0.004,0.0,1.0,0.0,0.0,1.0,0.0,0,0,0,BaseVerify,1
248,0.00398406374501992,0.00398406374501992,0.00398406374501992,0.0,1.0,0.0,0.0,1.0,0.0,0,0,0,BaseVerify,1
249,0.003968253968253968,0.003968253968253968,0.003968253968253968,0.0,1.0,0.0,0.0,1.0,0.0,0,0,0,BaseVerify,1
250,0.003952569169960474,0.003952569169960474,0.003952569169960474,0.0,1.0,0.0,0.0,1.0,0.0,0,0,0,BaseVerify,1
251,0.003937007874015748,0.003937007874015748,0.003937007874015748,0.0,1.0,0.0,0.0,1.0,0.0,0,0,0,BaseVerify,1
252,0.00392156862745098,0.00392156862745098,0.00392156862745098,0.0,1.0,0.0,0.0,1.0,0.0,0,0,0,BaseVerify,1
253,0.00390625,0.00390625,0.00390625,0.0,1.0,0.0,0.0,1.0,0.0,0,0,0,BaseVerify,1
254,0.0038910505836575876,0.0038910505836575876,0.0038910505836575876,0.0,1.0,0.0,0.0,1.0,0.0,0,0,0,BaseVerify,1
255,0.003875968992248062,0.003875968992248062,0.003875968992248062,0.0,1.0,0.0,0.0,1.0,0.0,0,0,0,BaseVerify,1
256,0.003861003861003861,0.003861003861003861,0.003861003861003861,0.0,1.0,0.0,0.0,1.0,0.0,0,0,0,BaseVerify,1
257,0.0038461538461538464,0.0038461538461538464,0.0038461538461538464,0.0,1.0,0.0,0.0,1.0,0.0,0,0,0,BaseVerify,1
258,0.0038314176245210726,0.0038314176245210726,0.0038314176245210726,0.0,1.0,0.0,0.0,1.0,0.0,0,0,0,BaseVerify,1
259,0.003816793893129771,0.003816793893129771,0.003816793893129771,0.0,1.0,0.0,0.0,1.0,0.0,0,0,0,BaseVerify,1
260,0.0038022813688212928,0.0038022813688212928,0.0038022813688212928,0.0,1.0,0.0,0.0,1.0,0.0,0,0,0,BaseVerify,1
261,0.003787878787878788,0.003787878787878788,0.003787878787878788,0.0,1.0,0.0,0.0,1.0,0.0,0,0,0,BaseVerify,1
262,0.0037735849056603774,0.0037735849056603774,0.0037735849056603774,0.0,1.0,0.0,0.0,1.0,0.0,0,0,0,BaseVerify,1
263,0.0037593984962406013,0.0037593984962406013,0.0037593984962406013,0.0,1.0,0.0,0.0,1.0,0.0,0,0,0,BaseVerify,1
264,0.003745318352059925,0.003745318352059925,0.003745318352059925,0.0,1.0,0.0,0.0,1.0,0.0,0,0,0,BaseVerify,1
265,0.0037313432835820895,0.0037313432835820895,0.0037313432835820895,0.0,1.0,0.0,0.0,1.0,0.0,0,0,0,BaseVerify,1
266,0.0037174721189591076,0.0037174721189591076,0.0037174721189591076,0.0,1.0,0.0,0.0,1.0,0.0,0,0,0,BaseVerify,1
267,0.003703703703703704,0.003703703703703704,0.003703703703703704,0.0,1.0,0.0,0.0,1.0,0.0,0,0,0,BaseVerify,1
268,0.0036900369003690036,0.0036900369003690036,0.0036900369003690036,0.0,1.0,0.0,0.0,1.0,0.0,0,0,0,BaseVerify,1
269,0.003676470588235294,0.003676470588235294,0.003676470588235294,0.0,1.0,0.0,0.0,1.0,0.0,0,0,0,BaseVerify,1
270,0.003663003663003663,0.003663003663003663,0.003663003663003663,0.0,1.0,0.0,0.0,1.0,0.0,0,0,0,BaseVerify,1
271,0.0036496350364963502,0.0036496350364963502,0.0036496350364963502,0.0,1.0,0.0,0.0,1.0,0.0,0,0,0,BaseVerify,1
272,0.0036363636363636364,0.0036363636363636364,0.0036363636363636364,0.0,1.0,0.0,0.0,1.0,0.0,0,0,0,BaseVerify,1
273,0.0036231884057971015,0.0036231884057971015,0.0036231884057971015,0.0,1.0,0.0,0.0,1.0,0.0,0,0,0,BaseVerify,1
274,0.0036101083032490976,0.0036101083032490976,0.0036101083032490976,0.0,1.0,0.0,0.0,1.0,0.0,0,0,0,BaseVerify,1
275,0.0035971223021582736,0.0035971223021582736,0.0035971223021582736,0.0,1.0,0.0,0.0,1.0,0.0,0,0,0,BaseVerify,1
276,0.0035842293906810036,0.0035842293906810036,0.0035842293906810036,0.0,1.0,0.0,0.0,1.0,0.0,0,0,0,BaseVerify,1
277,0.0035714285714285713,0.0035714285714285713,0.0035714285714285713,0.0,1.0,0.0,0.0,1.0,0.0,0,0,0,BaseVerify,1
278,0.0035587188612099642,0.0035587188612099642,0.0035587188612099642,0.0,1.0,0.0,0.0,1.0,0.0,0,0,0,BaseVerify,1
279,0.0035460992907801418,0.0035460992907801418,0.0035460992907801418,0.0,1.0,0.0,0.0,1.0,0.0,0,0,0,BaseVerify,1
280,0.0035335689045936395,0.0035335689045936395,0.0035335689045936395,0.0,1.0,0.0,0.0,1.0,0.0,0,0,0,BaseVerify,1
281,0.0035211267605633804,0.0035211267605633804,0.0035211267605633804,0.0,1.0,0.0,0.0,1.0,0.0,0,0,0,BaseVerify,1
282,0.0035087719298245615,0.0035087719298245615,0.0035087719298245615,0.0,1.0,0.0,0.0,1.0,0.0,0,0,0,BaseVerify,1
283,0.0034965034965034965,0.0034965034965034965,0.0034965034965034965,0.0,1.0,0.0,0.0,1.0,0.0,0,0,0,BaseVerify,1
284,0.003484320557491289,0.003484320557491289,0.003484320557491289,0.0,1.0,0.0,0.0,1.0,0.0,0,0,0,BaseVerify,1
285,0.003472222222222222,0.003472222222222222,0.003472222222222222,0.0,1.0,0.0,0.0,1.0,0.0,0,0,0,BaseVerify,1
286,0.0034602076124567475,0.0034602076124567475,0.0034602076124567475,0.0,1.0,0.0,0.0,1.0,0.0,0,0,0,BaseVerify,1
287,0.0034482758620689655,0.0034482758620689655,0.0034482758620689655,0.0,1.0,0.0,0.0,1.0,0.0,0,0,0,BaseVerify,1
288,0.003436426116838488,0.003436426116838488,0.003436426116838488,0.0,1.0,0.0,0.0,1.0,0.0,0,0,0,BaseVerify,1
289,0.003424657534246575,0.003424657534246575,0.003424657534246575,0.0,1.0,0.0,0.0,1.0,0.0,0,0,0,BaseVerify,1
290,0.0034129692832764505,0.0034129692832764505,0.0034129692832764505,0.0,1.0,0.0,0.0,1.0,0.0,0,0,0,BaseVerify,1
291,0.003401360544217687,0.003401360544217687,0.003401360544217687,0.0,1.0,0.0,0.0,1.0,0.0,0,0,0,BaseVerify,1
292,0.003389830508474576,0.003389830508474576,0.003389830508474576,0.0,1.0,0.0,0.0,1.0,0.0,0,0,0,BaseVerify,1
293,0.0033783783783783786,0.0033783783783783786,0.0033783783783783786,0.0,1.0,0.0,0.0,1.0,0.0,0,0,0,BaseVerify,1
294,0.003367003367003367,0.003367003367003367,0.003367003367003367,0.0,1.0,0.0,0.0,1.0,0.0,0,0,0,BaseVerify,1
295,0.003355704697986577,0.003355704697986577,0.003355704697986577,0.0,1.0,0.0,0.0,1.0,0.0,0,0,0,BaseVerify,1
296,0.0033444816053511705,0.0033444816053511705,0.0033444816053511705,0.0,1.0,0.0,0.0,1.0,0.0,0,0,0,BaseVerify,1
297,0.0033333333333333335,0.0033333333333333335,0.0033333333333333335,0.0,1.0,0.0,0.0,1.0,0.0,0,0,0,BaseVerify,1
298,0.0033222591362126247,0.0033222591362126247,0.0033222591362126247,0.0,1.0,0.0,0.0,1.0,0.0,0,0,0,BaseVerify,1
299,0.0033112582781456954,0.0033112582781456954,0.0033112582781456954,0.0,1.0,0.0,0.0,1.0,0.0,0,0,0,BaseVerify,1
300,0.0033003300330033004,0.0033003300330033004,0.0033003300330033004,0.0,1.0,0.0,0.0,1.0,0.0,0,0,0,BaseVerify,1
301,0.003289473684210526,0.003289473684210526,0.003289473684210526,0.0,1.0,0.0,0.0,1.0,0.0,0,0,0,BaseVerify,1
302,0.003278688524590164,0.003278688524590164,0.003278688524590164,0.0,1.0,0.0,0.0,1.0,0.0,0,0,0,BaseVerify,1
303,0.0032679738562091504,0.0032679738562091504,0.0032679738562091504,0.0,1.0,0.0,0.0,1.0,0.0,0,0,0,BaseVerify,1
304,0.003257328990228013,0.003257328990228013,0.003257328990228013,0.0,1.0,0.0,0.0,1.0,0.0,0,0,0,BaseVerify,1
305,0.003246753246753247,0.003246753246753247,0.003246753246753247,0.0,1.0,0.0,0.0,1.0,0.0,0,0,0,BaseVerify,1
306,0.003236245954692557,0.003236245954692557,0.003236245954692557,0.0,1.0,0.0,0.0,1.0,0.0,0,0,0,BaseVerify,1
307,0.0032258064516129032,0.0032258064516129032,0.0032258064516129032,0.0,1.0,0.0,0.0,1.0,0.0,0,0,0,BaseVerify,1
308,0.003215434083601286,0.003215434083601286,0.003215434083601286,0.0,1.0,0.0,0.0,1.0,0.0,0,0,0,BaseVerify,1
309,0.003205128205128205,0.003205128205128205,0.003205128205128205,0.0,1.0,0.0,0.0,1.0,0.0,0,0,0,BaseVerify,1
310,0.003194888178913738,0.003194888178913738,0.003194888178913738,0.0,1.0,0.0,0.0,1.0,0.0,0,0,0,BaseVerify,1
311,0.0031847133757961785,0.0031847133757961785,0.0031847133757961785,0.0,1.0,0.0,0.0,1.0,0.0,0,0,0,BaseVerify,1
312,0.0031746031746031746,0.0031746031746031746,0.0031746031746031746,0.0,1.0,0.0,0.0,1.0,0.0,0,0,0,BaseVerify,1
313,0.0031645569620253164,0.0031645569620253164,0.0031645569620253164,0.0,1.0,0.0,0.0,1.0,0.0,0,0,0,BaseVerify,1
314,0.0031545741324921135,0.0031545741324921135,0.0031545741324921135,0.0,1.0,0.0,0.0,1.0,0.0,0,0,0,BaseVerify,1
315,0.0031446540880503146,0.0031446540880503146,0.0031446540880503146,0.0,1.0,0.0,0.0,1.0,0.0,0,0,0,BaseVerify,1
316,0.003134796238244514,0.003134796238244514,0.003134796238244514,0.0,1.0,0.0,0.0,1.0,0.0,0,0,0,BaseVerify,1
317,0.003125,0.003125,0.003125,0.0,1.0,0.0,0.0,1.0,0.0,0,0,0,BaseVerify,1
318,0.003115264797507788,0.003115264797507788,0.003115264797507788,0.0,1.0,0.0,0.0,1.0,0.0,0,0,0,BaseVerify,1
319,0.003105590062111801,0.003105590062111801,0.003105590062111801,0.0,1.0,0.0,0.0,1.0,0.0,0,0,0,BaseVerify,1
320,0.0030959752321981426,0.0030959752321981426,0.0030959752321981426,0.0,1.0,0.0,0.0,1.0,0.0,0,0,0,BaseVerify,1
321,0.0030864197530864196,0.0030864197530864196,0.0030864197530864196,0.0,1.0,0.0,0.0,1.0,0.0,0,0,0,BaseVerify,1
322,0.003076923076923077,0.003076923076923077,0.003076923076923077,0.0,1.0,0.0,0.0,1.0,0.0,0,0,0,BaseVerify,1
323,0.003067484662576687,0.003067484662576687,0.003067484662576687,0.0,1.0,0.0,0.0,1.0,0.0,0,0,0,BaseVerify,1
324,0.0030581039755351682,0.0030581039755351682,0.0030581039755351682,0.0,1.0,0.0,0.0,1.0,0.0,0,0,0,BaseVerify,1
325,0.003048780487804878,0.003048780487804878,0.003048780487804878,0.0,1.0,0.0,0.0,1.0,0.0,0,0,0,BaseVerify,1
326,0.00303951367781155,0.00303951367781155,0.00303951367781155,0.0,1.0,0.0,0.0,1.0,0.0,0,0,0,BaseVerify,1
327,0.0030303030303030303,0.0030303030303030303,0.0030303030303030303,0.0,1.0,0.0,0.0,1.0,0.0,0,0,0,BaseVerify,1
328,0.0030211480362537764,0.0030211480362537764,0.0030211480362537764,0.0,1.0,0.0,0.0,1.0,0.0,0,0,0,BaseVerify,1
329,0.0030120481927710845,0.0030120481927710845,0.0030120481927710845,0.0,1.0,0.0,0.0,1.0,0.0,0,0,0,BaseVerify,1
330,0.003003003003003003,0.003003003003003003,0.003003003003003003,0.0,1.0,0.0,0.0,1.0,0.0,0,0,0,BaseVerify,1
331,0.0029940119760479044,0.0029940119760479044,0.0029940119760479044,0.0,1.0,0.0,0.0,1.0,0.0,0,0,0,BaseVerify,1
332,0.0029850746268656717,0.0029850746268656717,0.0029850746268656717,0.0,1.0,0.0,0.0,1.0,0.0,0,0,0,BaseVerify,1
333,0.002976190476190476,0.002976190476190476,0.002976190476190476,0.0,1.0,0.0,0.0,1.0,0.0,0,0,0,BaseVerify,1
334,0.002967359050445104,0.002967359050445104,0.002967359050445104,0.0,1.0,0.0,0.0,1.0,0.0,0,0,0,BaseVerify,1
335,0.0029585798816568047,0.0029585798816568047,0.0029585798816568047,0.0,1.0,0.0,0.0,1.0,0.0,0,0,0,BaseVerify,1
336,0.0029498525073746312,0.0029498525073746312,0.0029498525073746312,0.0,1.0,0.0,0.0,1.0,0.0,0,0,0,BaseVerify,1
337,0.0029411764705882353,0.0029411764705882353,0.0029411764705882353,0.0,1.0,0.0,0.0,1.0,0.0,0,0,0,BaseVerify,1
338,0.002932551319648094,0.002932551319648094,0.002932551319648094,0.0,1.0,0.0,0.0,1.0,0.0,0,0,0,BaseVerify,1
339,0.0029239766081871343,0.0029239766081871343,0.0029239766081871343,0.0,1.0,0.0,0.0,1.0,0.0,0,0,0,BaseVerify,1
340,0.0029154518950437317,0.0029154518950437317,0.0029154518950437317,0.0,1.0,0.0,0.0,1.0,0.0,0,0,0,BaseVerify,1
341,0.0029069767441860465,0.0029069767441860465,0.0029069767441860465,0.0,1.0,0.0,0.0,1.0,0.0,0,0,0,BaseVerify,1
342,0.002898550724637681,0.002898550724637681,0.002898550724637681,0.0,1.0,0.0,0.0,1.0,0.0,0,0,0,BaseVerify,1
343,0.002890173410404624,0.002890173410404624,0.002890173410404624,0.0,1.0,0.0,0.0,1.0,0.0,0,0,0,BaseVerify,1
344,0.002881844380403458,0.002881844380403458,0.002881844380403458,0.0,1.0,0.0,0.0,1.0,0.0,0,0,0,BaseVerify,1
345,0.0028735632183908046,0.0028735632183908046,0.0028735632183908046,0.0,1.0,0.0,0.0,1.0,0.0,0,0,0,BaseVerify,1
346,0.0028653295128939827,0.0028653295128939827,0.0028653295128939827,0.0,1.0,0.0,0.0,1.0,0.0,0,0,0,BaseVerify,1
347,0.002857142857142857,0.002857142857142857,0.002857142857142857,0.0,1.0,0.0,0.0,1.0,0.0,0,0,0,BaseVerify,1
348,0.002849002849002849,0.002849002849002849,0.002849002849002849,0.0,1.0,0.0,0.0,1.0,0.0,0,0,0,BaseVerify,1
349,0.002840909090909091,0.002840909090909091,0.002840909090909091,0.0,1.0,0.0,0.0,1.0,0.0,0,0,0,BaseVerify,1
350,0.0028328611898017,0.0028328611898017,0.0028328611898017,0.0,1.0,0.0,0.0,1.0,0.0,0,0,0,BaseVerify,1
351,0.002824858757062147,0.002824858757062147,0.002824858757062147,0.0,1.0,0.0,0.0,1.0,0.0,0,0,0,BaseVerify,1
352,0.0028169014084507044,0.0028169014084507044,0.0028169014084507044,0.0,1.0,0.0,0.0,1.0,0.0,0,0,0,BaseVerify,1
353,0.0028089887640449437,0.0028089887640449437,0.0028089887640449437,0.0,1.0,0.0,0.0,1.0,0.0,0,0,0,BaseVerify,1
354,0.0028011204481792717,0.0028011204481792717,0.0028011204481792717,0.0,1.0,0.0,0.0,1.0,0.0,0,0,0,BaseVerify,1
355,0.002793296089385475,0.002793296089385475,0.002793296089385475,0.0,1.0,0.0,0.0,1.0,0.0,0,0,0,BaseVerify,1
356,0.002785515320334262,0.002785515320334262,0.002785515320334262,0.0,1.0,0.0,0.0,1.0,0.0,0,0,0,BaseVerify,1
357,0.002777777777777778,0.002777777777777778,0.002777777777777778,0.0,1.0,0.0,0.0,1.0,0.0,0,0,0,BaseVerify,1
358,0.002770083102493075,0.002770083102493075,0.002770083102493075,0.0,1.0,0.0,0.0,1.0,0.0,0,0,0,BaseVerify,1
359,0.0027624309392265192,0.0027624309392265192,0.0027624309392265192,0.0,1.0,0.0,0.0,1.0,0.0,0,0,0,BaseVerify,1
360,0.0027548209366391185,0.0027548209366391185,0.0027548209366391185,0.0,1.0,0.0,0.0,1.0,0.0,0,0,0,BaseVerify,1
361,0.0027472527472527475,0.0027472527472527475,0.0027472527472527475,0.0,1.0,0.0,0.0,1.0,0.0,0,0,0,BaseVerify,1
362,0.0027397260273972603,0.0027397260273972603,0.0027397260273972603,0.0,1.0,0.0,0.0,1.0,0.0,0,0,0,BaseVerify,1
363,0.00273224043715847,0.00273224043715847,0.00273224043715847,0.0,1.0,0.0,0.0,1.0,0.0,0,0,0,BaseVerify,1
364,0.0027247956403269754,0.0027247956403269754,0.0027247956403269754,0.0,1.0,0.0,0.0,1.0,0.0,0,0,0,BaseVerify,1
365,0.002717391304347826,0.002717391304347826,0.002717391304347826,0.0,1.0,0.0,0.0,1.0,0.0,0,0,0,BaseVerify,1
366,0.0027100271002710027,0.0027100271002710027,0.0027100271002710027,0.0,1.0,0.0,0.0,1.0,0.0,0,0,0,BaseVerify,1
367,0.002702702702702703,0.002702702702702703,0.002702702702702703,0.0,1.0,0.0,0.0,1.0,0.0,0,0,0,BaseVerify,1
368,0.0026954177897574125,0.0026954177897574125,0.0026954177897574125,0.0,1.0,0.0,0.0,1.0,0.0,0,0,0,BaseVerify,1
369,0.002688172043010753,0.002688172043010753,0.002688172043010753,0.0,1.0,0.0,0.0,1.0,0.0,0,0,0,BaseVerify,1
370,0.002680965147453083,0.002680965147453083,0.002680965147453083,0.0,1.0,0.0,0.0,1.0,0.0,0,0,0,BaseVerify,1
371,0.00267379679144385,0.00267379679144385,0.00267379679144385,0.0,1.0,0.0,0.0,1.0,0.0,0,0,0,BaseVerify,1
372,0.0026666666666666666,0.0026666666666666666,0.0026666666666666666,0.0,1.0,0.0,0.0,1.0,0.0,0,0,0,BaseVerify,1
373,0.0026595744680851063,0.0026595744680851063,0.0026595744680851063,0.0,1.0,0.0,0.0,1.0,0.0,0,0,0,BaseVerify,1
374,0.002652519893899204,0.002652519893899204,0.002652519893899204,0.0,1.0,0.0,0.0,1.0,0.0,0,0,0,BaseVerify,1
375,0.0026455026455026454,0.0026455026455026454,0.0026455026455026454,0.0,1.0,0.0,0.0,1.0,0.0,0,0,0,BaseVerify,1
376,0.002638522427440633,0.002638522427440633,0.002638522427440633,0.0,1.0,0.0,0.0,1.0,0.0,0,0,0,BaseVerify,1
377,0.002631578947368421,0.002631578947368421,0.002631578947368421,0.0,1.0,0.0,0.0,1.0,0.0,0,0,0,BaseVerify,1
378,0.0026246719160104987,0.0026246719160104987,0.0026246719160104987,0.0,1.0,0.0,0.0,1.0,0.0,0,0,0,BaseVerify,1
379,0.002617801047120419,0.002617801047120419,0.002617801047120419,0.0,1.0,0.0,0.0,1.0,0.0,0,0,0,BaseVerify,1
380,0.0026109660574412533,0.0026109660574412533,0.0026109660574412533,0.0,1.0,0.0,0.0,1.0,0.0,0,0,0,BaseVerify,1
381,0.0026041666666666665,0.0026041666666666665,0.0026041666666666665,0.0,1.0,0.0,0.0,1.0,0.0,0,0,0,BaseVerify,1
382,0.0025974025974025974,0.0025974025974025974,0.0025974025974025974,0.0,1.0,0.0,0.0,1.0,0.0,0,0,0,BaseVerify,1
383,0.0025906735751295338,0.0025906735751295338,0.0025906735751295338,0.0,1.0,0.0,0.0,1.0,0.0,0,0,0,BaseVerify,1
384,0.002583979328165375,0.002583979328165375,0.002583979328165375,0.0,1.0,0.0,0.0,1.0,0.0,0,0,0,BaseVerify,1
385,0.002577319587628866,0.002577319587628866,0.002577319587628866,0.0,1.0,0.0,0.0,1.0,0.0,0,0,0,BaseVerify,1
386,0.002570694087403599,0.002570694087403599,0.002570694087403599,0.0,1.0,0.0,0.0,1.0,0.0,0,0,0,BaseVerify,1
387,0.002564102564102564,0.002564102564102564,0.002564102564102564,0.0,1.0,0.0,0.0,1.0,0.0,0,0,0,BaseVerify,1
388,0.0025575447570332483,0.0025575447570332483,0.0025575447570332483,0.0,1.0,0.0,0.0,1.0,0.0,0,0,0,BaseVerify,1
389,0.002551020408163265,0.002551020408163265,0.002551020408163265,0.0,1.0,0.0,0.0,1.0,0.0,0,0,0,BaseVerify,1
390,0.002544529262086514,0.002544529262086514,0.002544529262086514,0.0,1.0,0.0,0.0,1.0,0.0,0,0,0,BaseVerify,1
391,0.0025380710659898475,0.0025380710659898475,0.0025380710659898475,0.0,1.0,0.0,0.0,1.0,0.0,0,0,0,BaseVerify,1
392,0.002531645569620253,0.002531645569620253,0.002531645569620253,0.0,1.0,0.0,0.0,1.0,0.0,0,0,0,BaseVerify,1
393,0.0025252525252525255,0.0025252525252525255,0.0025252525252525255,0.0,1.0,0.0,0.0,1.0,0.0,0,0,0,BaseVerify,1
394,0.0025188916876574307,0.0025188916876574307,0.0025188916876574307,0.0,1.0,0.0,0.0,1.0,0.0,0,0,0,BaseVerify,1
395,0.002512562814070352,0.002512562814070352,0.002512562814070352,0.0,1.0,0.0,0.0,1.0,0.0,0,0,0,BaseVerify,1
396,0.002506265664160401,0.002506265664160401,0.002506265664160401,0.0,1.0,0.0,0.0,1.0,0.0,0,0,0,BaseVerify,1
397,0.0025,0.0025,0.0025,0.0,1.0,0.0,0.0,1.0,0.0,0,0,0,BaseVerify,1
398,0.0024937655860349127,0.0024937655860349127,0.0024937655860349127,0.0,1.0,0.0,0.0,1.0,0.0,0,0,0,BaseVerify,1
399,0.0024875621890547263,0.0024875621890547263,0.0024875621890547263,0.0,1.0,0.0,0.0,1.0,0.0,0,0,0,BaseVerify,1
400,0.0024813895781637717,0.0024813895781637717,0.0024813895781637717,0.0,1.0,0.0,0.0,1.0,0.0,0,0,0,BaseVerify,1
401,0.0024752475247524753,0.0024752475247524753,0.0024752475247524753,0.0,1.0,0.0,0.0,1.0,0.0,0,0,0,BaseVerify,1
402,0.0024691358024691358,0.0024691358024691358,0.0024691358024691358,0.0,1.0,0.0,0.0,1.0,0.0,0,0,0,BaseVerify,1
403,0.0024630541871921183,0.0024630541871921183,0.0024630541871921183,0.0,1.0,0.0,0.0,1.0,0.0,0,0,0,BaseVerify,1
404,0.002457002457002457,0.002457002457002457,0.002457002457002457,0.0,1.0,0.0,0.0,1.0,0.0,0,0,0,BaseVerify,1
405,0.0024509803921568627,0.0024509803921568627,0.0024509803921568627,0.0,1.0,0.0,0.0,1.0,0.0,0,0,0,BaseVerify,1
406,0.0024449877750611247,0.0024449877750611247,0.0024449877750611247,0.0,1.0,0.0,0.0,1.0,0.0,0,0,0,BaseVerify,1
407,0.0024390243902439024,0.0024390243902439024,0.0024390243902439024,0.0,1.0,0.0,0.0,1.0,0.0,0,0,0,BaseVerify,1
408,0.0024330900243309003,0.0024330900243309003,0.0024330900243309003,0.0,1.0,0.0,0.0,1.0,0.0,0,0,0,BaseVerify,1
409,0.0024271844660194173,0.0024271844660194173,0.0024271844660194173,0.0,1.0,0.0,0.0,1.0,0.0,0,0,0,BaseVerify,1
410,0.002421307506053269,0.002421307506053269,0.002421307506053269,0.0,1.0,0.0,0.0,1.0,0.0,0,0,0,BaseVerify,1
411,0.0024154589371980675,0.0024154589371980675,0.0024154589371980675,0.0,1.0,0.0,0.0,1.0,0.0,0,0,0,BaseVerify,1
412,0.0024096385542168677,0.0024096385542168677,0.0024096385542168677,0.0,1.0,0.0,0.0,1.0,0.0,0,0,0,BaseVerify,1
413,0.002403846153846154,0.002403846153846154,0.002403846153846154,0.0,1.0,0.0,0.0,1.0,0.0,0,0,0,BaseVerify,1
414,0.002398081534772182,0.002398081534772182,0.002398081534772182,0.0,1.0,0.0,0.0,1.0,0.0,0,0,0,BaseVerify,1
415,0.0023923444976076554,0.0023923444976076554,0.0023923444976076554,0.0,1.0,0.0,0.0,1.0,0.0,0,0,0,BaseVerify,1
416,0.002386634844868735,0.002386634844868735,0.002386634844868735,0.0,1.0,0.0,0.0,1.0,0.0,0,0,0,BaseVerify,1
417,0.002380952380952381,0.002380952380952381,0.002380952380952381,0.0,1.0,0.0,0.0,1.0,0.0,0,0,0,BaseVerify,1
418,0.0023752969121140144,0.0023752969121140144,0.0023752969121140144,0.0,1.0,0.0,0.0,1.0,0.0,0,0,0,BaseVerify,1
419,0.002369668246445498,0.002369668246445498,0.002369668246445498,0.0,1.0,0.0,0.0,1.0,0.0,0,0,0,BaseVerify,1
420,0.002364066193853428,0.002364066193853428,0.002364066193853428,0.0,1.0,0.0,0.0,1.0,0.0,0,0,0,BaseVerify,1
421,0.0023584905660377358,0.0023584905660377358,0.0023584905660377358,0.0,1.0,0.0,0.0,1.0,0.0,0,0,0,BaseVerify,1
422,0.002352941176470588,0.002352941176470588,0.002352941176470588,0.0,1.0,0.0,0.0,1.0,0.0,0,0,0,BaseVerify,1
423,0.002347417840375587,0.002347417840375587,0.002347417840375587,0.0,1.0,0.0,0.0,1.0,0.0,0,0,0,BaseVerify,1
424,0.00234192037470726,0.00234192037470726,0.00234192037470726,0.0,1.0,0.0,0.0,1.0,0.0,0,0,0,BaseVerify,1
425,0.002336448598130841,0.002336448598130841,0.002336448598130841,0.0,1.0,0.0,0.0,1.0,0.0,0,0,0,BaseVerify,1
426,0.002331002331002331,0.002331002331002331,0.002331002331002331,0.0,1.0,0.0,0.0,1.0,0.0,0,0,0,BaseVerify,1
427,0.002325581395348837,0.002325581395348837,0.002325581395348837,0.0,1.0,0.0,0.0,1.0,0.0,0,0,0,BaseVerify,1
428,0.002320185614849188,0.002320185614849188,0.002320185614849188,0.0,1.0,0.0,0.0,1.0,0.0,0,0,0,BaseVerify,1
429,0.0023148148148148147,0.0023148148148148147,0.0023148148148148147,0.0,1.0,0.0,0.0,1.0,0.0,0,0,0,BaseVerify,1
430,0.0023094688221709007,0.0023094688221709007,0.0023094688221709007,0.0,1.0,0.0,0.0,1.0,0.0,0,0,0,BaseVerify,1
431,0.002304147465437788,0.002304147465437788,0.002304147465437788,0.0,1.0,0.0,0.0,1.0,0.0,0,0,0,BaseVerify,1
432,0.0022988505747126436,0.0022988505747126436,0.0022988505747126436,0.0,1.0,0.0,0.0,1.0,0.0,0,0,0,BaseVerify,1
433,0.0022935779816513763,0.0022935779816513763,0.0022935779816513763,0.0,1.0,0.0,0.0,1.0,0.0,0,0,0,BaseVerify,1
434,0.002288329519450801,0.002288329519450801,0.002288329519450801,0.0,1.0,0.0,0.0,1.0,0.0,0,0,0,BaseVerify,1
435,0.00228310502283105,0.00228310502283105,0.00228310502283105,0.0,1.0,0.0,0.0,1.0,0.0,0,0,0,BaseVerify,1
436,0.002277904328018223,0.002277904328018223,0.002277904328018223,0.0,1.0,0.0,0.0,1.0,0.0,0,0,0,BaseVerify,1
437,0.0022727272727272726,0.0022727272727272726,0.0022727272727272726,0.0,1.0,0.0,0.0,1.0,0.0,0,0,0,BaseVerify,1
438,0.0022675736961451248,0.0022675736961451248,0.0022675736961451248,0.0,1.0,0.0,0.0,1.0,0.0,0,0,0,BaseVerify,1
439,0.0022624434389140274,0.0022624434389140274,0.0022624434389140274,0.0,1.0,0.0,0.0,1.0,0.0,0,0,0,BaseVerify,1
440,0.002257336343115124,0.002257336343115124,0.002257336343115124,0.0,1.0,0.0,0.0,1.0,0.0,0,0,0,BaseVerify,1
441,0.0022522522522522522,0.0022522522522522522,0.0022522522522522522,0.0,1.0,0.0,0.0,1.0,0.0,0,0,0,BaseVerify,1
442,0.0022471910112359553,0.0022471910112359553,0.0022471910112359553,0.0,1.0,0.0,0.0,1.0,0.0,0,0,0,BaseVerify,1
443,0.002242152466367713,0.002242152466367713,0.002242152466367713,0.0,1.0,0.0,0.0,1.0,0.0,0,0,0,BaseVerify,1
444,0.0022371364653243847,0.0022371364653243847,0.0022371364653243847,0.0,1.0,0.0,0.0,1.0,0.0,0,0,0,BaseVerify,1
445,0.002232142857142857,0.002232142857142857,0.002232142857142857,0.0,1.0,0.0,0.0,1.0,0.0,0,0,0,BaseVerify,1
446,0.0022271714922048997,0.0022271714922048997,0.0022271714922048997,0.0,1.0,0.0,0.0,1.0,0.0,0,0,0,BaseVerify,1
447,0.0022222222222222222,0.0022222222222222222,0.0022222222222222222,0.0,1.0,0.0,0.0,1.0,0.0,0,0,0,BaseVerify,1
448,0.0022172949002217295,0.0022172949002217295,0.0022172949002217295,0.0,1.0,0.0,0.0,1.0,0.0,0,0,0,BaseVerify,1
449,0.0022123893805309734,0.0022123893805309734,0.0022123893805309734,0.0,1.0,0.0,0.0,1.0,0.0,0,0,0,BaseVerify,1
450,0.002207505518763797,0.002207505518763797,0.002207505518763797,0.0,1.0,0.0,0.0,1.0,0.0,0,0,0,BaseVerify,1
451,0.0022026431718061676,0.0022026431718061676,0.0022026431718061676,0.0,1.0,0.0,0.0,1.0,0.0,0,0,0,BaseVerify,1
452,0.002197802197802198,0.002197802197802198,0.002197802197802198,0.0,1.0,0.0,0.0,1.0,0.0,0,0,0,BaseVerify,1
453,0.0021929824561403508,0.0021929824561403508,0.0021929824561403508,0.0,1.0,0.0,0.0,1.0,0.0,0,0,0,BaseVerify,1
454,0.002188183807439825,0.002188183807439825,0.002188183807439825,0.0,1.0,0.0,0.0,1.0,0.0,0,0,0,BaseVerify,1
455,0.002183406113537118,0.002183406113537118,0.002183406113537118,0.0,1.0,0.0,0.0,1.0,0.0,0,0,0,BaseVerify,1
456,0.002178649237472767,0.002178649237472767,0.002178649237472767,0.0,1.0,0.0,0.0,1.0,0.0,0,0,0,BaseVerify,1
457,0.002173913043478261,0.002173913043478261,0.002173913043478261,0.0,1.0,0.0,0.0,1.0,0.0,0,0,0,BaseVerify,1
458,0.0021691973969631237,0.0021691973969631237,0.0021691973969631237,0.0,1.0,0.0,0.0,1.0,0.0,0,0,0,BaseVerify,1
459,0.0021645021645021645,0.0021645021645021645,0.0021645021645021645,0.0,1.0,0.0,0.0,1.0,0.0,0,0,0,BaseVerify,1
460,0.0021598272138228943,0.0021598272138228943,0.0021598272138228943,0.0,1.0,0.0,0.0,1.0,0.0,0,0,0,BaseVerify,1
461,0.0021551724137931034,0.0021551724137931034,0.0021551724137931034,0.0,1.0,0.0,0.0,1.0,0.0,0,0,0,BaseVerify,1
462,0.002150537634408602,0.002150537634408602,0.002150537634408602,0.0,1.0,0.0,0.0,1.0,0.0,0,0,0,BaseVerify,1
463,0.002145922746781116,0.002145922746781116,0.002145922746781116,0.0,1.0,0.0,0.0,1.0,0.0,0,0,0,BaseVerify,1
464,0.0021413276231263384,0.0021413276231263384,0.0021413276231263384,0.0,1.0,0.0,0.0,1.0,0.0,0,0,0,BaseVerify,1
465,0.002136752136752137,0.002136752136752137,0.002136752136752137,0.0,1.0,0.0,0.0,1.0,0.0,0,0,0,BaseVerify,1
466,0.0021321961620469083,0.0021321961620469083,0.0021321961620469083,0.0,1.0,0.0,0.0,1.0,0.0,0,0,0,BaseVerify,1
467,0.002127659574468085,0.002127659574468085,0.002127659574468085,0.0,1.0,0.0,0.0,1.0,0.0,0,0,0,BaseVerify,1
468,0.0021231422505307855,0.0021231422505307855,0.0021231422505307855,0.0,1.0,0.0,0.0,1.0,0.0,0,0,0,BaseVerify,1
469,0.00211864406779661,0.00211864406779661,0.00211864406779661,0.0,1.0,0.0,0.0,1.0,0.0,0,0,0,BaseVerify,1
470,0.0021141649048625794,0.0021141649048625794,0.0021141649048625794,0.0,1.0,0.0,0.0,1.0,0.0,0,0,0,BaseVerify,1
471,0.002109704641350211,0.002109704641350211,0.002109704641350211,0.0,1.0,0.0,0.0,1.0,0.0,0,0,0,BaseVerify,1
472,0.002105263157894737,0.002105263157894737,0.002105263157894737,0.0,1.0,0.0,0.0,1.0,0.0,0,0,0,BaseVerify,1
473,0.0021008403361344537,0.0021008403361344537,0.0021008403361344537,0.0,1.0,0.0,0.0,1.0,0.0,0,0,0,BaseVerify,1
474,0.0020964360587002098,0.0020964360587002098,0.0020964360587002098,0.0,1.0,0.0,0.0,1.0,0.0,0,0,0,BaseVerify,1
475,0.0020920502092050207,0.0020920502092050207,0.0020920502092050207,0.0,1.0,0.0,0.0,1.0,0.0,0,0,0,BaseVerify,1
476,0.0020876826722338203,0.0020876826722338203,0.0020876826722338203,0.0,1.0,0.0,0.0,1.0,0.0,0,0,0,BaseVerify,1
477,0.0020833333333333333,0.0020833333333333333,0.0020833333333333333,0.0,1.0,0.0,0.0,1.0,0.0,0,0,0,BaseVerify,1
478,0.002079002079002079,0.002079002079002079,0.002079002079002079,0.0,1.0,0.0,0.0,1.0,0.0,0,0,0,BaseVerify,1
479,0.002074688796680498,0.002074688796680498,0.002074688796680498,0.0,1.0,0.0,0.0,1.0,0.0,0,0,0,BaseVerify,1
480,0.002070393374741201,0.002070393374741201,0.002070393374741201,0.0,1.0,0.0,0.0,1.0,0.0,0,0,0,BaseVerify,1
481,0.002066115702479339,0.002066115702479339,0.002066115702479339,0.0,1.0,0.0,0.0,1.0,0.0,0,0,0,BaseVerify,1
482,0.002061855670103093,0.002061855670103093,0.002061855670103093,0.0,1.0,0.0,0.0,1.0,0.0,0,0,0,BaseVerify,1
483,0.00205761316872428,0.00205761316872428,0.00205761316872428,0.0,1.0,0.0,0.0,1.0,0.0,0,0,0,BaseVerify,1
484,0.002053388090349076,0.002053388090349076,0.002053388090349076,0.0,1.0,0.0,0.0,1.0,0.0,0,0,0,BaseVerify,1
485,0.0020491803278688526,0.0020491803278688526,0.0020491803278688526,0.0,1.0,0.0,0.0,1.0,0.0,0,0,0,BaseVerify,1
486,0.002044989775051125,0.002044989775051125,0.002044989775051125,0.0,1.0,0.0,0.0,1.0,0.0,0,0,0,BaseVerify,1
487,0.0020408163265306124,0.0020408163265306124,0.0020408163265306124,0.0,1.0,0.0,0.0,1.0,0.0,0,0,0,BaseVerify,1
488,0.002036659877800407,0.002036659877800407,0.002036659877800407,0.0,1.0,0.0,0.0,1.0,0.0,0,0,0,BaseVerify,1
489,0.0020325203252032522,0.0020325203252032522,0.0020325203252032522,0.0,1.0,0.0,0.0,1.0,0.0,0,0,0,BaseVerify,1
490,0.002028397565922921,0.002028397565922921,0.002028397565922921,0.0,1.0,0.0,0.0,1.0,0.0,0,0,0,BaseVerify,1
491,0.0020242914979757085,0.0020242914979757085,0.0020242914979757085,0.0,1.0,0.0,0.0,1.0,0.0,0,0,0,BaseVerify,1
492,0.00202020202020202,0.00202020202020202,0.00202020202020202,0.0,1.0,0.0,0.0,1.0,0.0,0,0,0,BaseVerify,1
493,0.0020161290322580645,0.0020161290322580645,0.0020161290322580645,0.0,1.0,0.0,0.0,1.0,0.0,0,0,0,BaseVerify,1
494,0.002012072434607646,0.002012072434607646,0.002012072434607646,0.0,1.0,0.0,0.0,1.0,0.0,0,0,0,BaseVerify,1
495,0.002008032128514056,0.002008032128514056,0.002008032128514056,0.0,1.0,0.0,0.0,1.0,0.0,0,0,0,BaseVerify,1
496,0.002004008016032064,0.002004008016032064,0.002004008016032064,0.0,1.0,0.0,0.0,1.0,0.0,0,0,0,BaseVerify,1
497,0.002,0.002,0.002,0.0,1.0,0.0,0.0,1.0,0.0,0,0,0,BaseVerify,1
498,0.001996007984031936,0.001996007984031936,0.001996007984031936,0.0,1.0,0.0,0.0,1.0,0.0,0,0,0,BaseVerify,1
499,0.00199203187250996,0.00199203187250996,0.00199203187250996,0.0,1.0,0.0,0.0,1.0,0.0,0,0,0,BaseVerify,1
500,0.0019880715705765406,0.0019880715705765406,0.0019880715705765406,0.0,1.0,0.0,0.0,1.0,0.0,0,0,0,BaseVerify,1
501,0.001984126984126984,0.001984126984126984,0.001984126984126984,0.0,1.0,0.0,0.0,1.0,0.0,0,0,0,BaseVerify,1
502,0.0019801980198019802,0.0019801980198019802,0.0019801980198019802,0.0,1.0,0.0,0.0,1.0,0.0,0,0,0,BaseVerify,1
503,0.001976284584980237,0.001976284584980237,0.001976284584980237,0.0,1.0,0.0,0.0,1.0,0.0,0,0,0,BaseVerify,1
504,0.0019723865877712033,0.0019723865877712033,0.0019723865877712033,0.0,1.0,0.0,0.0,1.0,0.0,0,0,0,BaseVerify,1
505,0.001968503937007874,0.001968503937007874,0.001968503937007874,0.0,1.0,0.0,0.0,1.0,0.0,0,0,0,BaseVerify,1
506,0.0019646365422396855,0.0019646365422396855,0.0019646365422396855,0.0,1.0,0.0,0.0,1.0,0.0,0,0,0,BaseVerify,1
507,0.00196078431372549,0.00196078431372549,0.00196078431372549,0.0,1.0,0.0,0.0,1.0,0.0,0,0,0,BaseVerify,1
508,0.0019569471624266144,0.0019569471624266144,0.0019569471624266144,0.0,1.0,0.0,0.0,1.0,0.0,0,0,0,BaseVerify,1
509,0.001953125,0.001953125,0.001953125,0.0,1.0,0.0,0.0,1.0,0.0,0,0,0,BaseVerify,1
510,0.001949317738791423,0.001949317738791423,0.001949317738791423,0.0,1.0,0.0,0.0,1.0,0.0,0,0,0,BaseVerify,1
511,0.0019455252918287938,0.0019455252918287938,0.0019455252918287938,0.0,1.0,0.0,0.0,1.0,0.0,0,0,0,BaseVerify,1
512,0.001941747572815534,0.001941747572815534,0.001941747572815534,0.0,1.0,0.0,0.0,1.0,0.0,0,0,0,BaseVerify,1
513,0.001937984496124031,0.001937984496124031,0.001937984496124031,0.0,1.0,0.0,0.0,1.0,0.0,0,0,0,BaseVerify,1
514,0.0019342359767891683,0.0019342359767891683,0.0019342359767891683,0.0,1.0,0.0,0.0,1.0,0.0,0,0,0,BaseVerify,1
515,0.0019305019305019305,0.0019305019305019305,0.0019305019305019305,0.0,1.0,0.0,0.0,1.0,0.0,0,0,0,BaseVerify,1
516,0.0019267822736030828,0.0019267822736030828,0.0019267822736030828,0.0,1.0,0.0,0.0,1.0,0.0,0,0,0,BaseVerify,1
517,0.0019230769230769232,0.0019230769230769232,0.0019230769230769232,0.0,1.0,0.0,0.0,1.0,0.0,0,0,0,BaseVerify,1
518,0.0019193857965451055,0.0019193857965451055,0.0019193857965451055,0.0,1.0,0.0,0.0,1.0,0.0,0,0,0,BaseVerify,1
519,0.0019157088122605363,0.0019157088122605363,0.0019157088122605363,0.0,1.0,0.0,0.0,1.0,0.0,0,0,0,BaseVerify,1
520,0.0019120458891013384,0.0019120458891013384,0.0019120458891013384,0.0,1.0,0.0,0.0,1.0,0.0,0,0,0,BaseVerify,1
521,0.0019083969465648854,0.0019083969465648854,0.0019083969465648854,0.0,1.0,0.0,0.0,1.0,0.0,0,0,0,BaseVerify,1
522,0.0019047619047619048,0.0019047619047619048,0.0019047619047619048,0.0,1.0,0.0,0.0,1.0,0.0,0,0,0,BaseVerify,1
523,0.0019011406844106464,0.0019011406844106464,0.0019011406844106464,0.0,1.0,0.0,0.0,1.0,0.0,0,0,0,BaseVerify,1
524,0.0018975332068311196,0.0018975332068311196,0.0018975332068311196,0.0,1.0,0.0,0.0,1.0,0.0,0,0,0,BaseVerify,1
525,0.001893939393939394,0.001893939393939394,0.001893939393939394,0.0,1.0,0.0,0.0,1.0,0.0,0,0,0,BaseVerify,1
526,0.001890359168241966,0.001890359168241966,0.001890359168241966,0.0,1.0,0.0,0.0,1.0,0.0,0,0,0,BaseVerify,1
527,0.0018867924528301887,0.0018867924528301887,0.0018867924528301887,0.0,1.0,0.0,0.0,1.0,0.0,0,0,0,BaseVerify,1
528,0.0018832391713747645,0.0018832391713747645,0.0018832391713747645,0.0,1.0,0.0,0.0,1.0,0.0,0,0,0,BaseVerify,1
529,0.0018796992481203006,0.0018796992481203006,0.0018796992481203006,0.0,1.0,0.0,0.0,1.0,0.0,0,0,0,BaseVerify,1
530,0.001876172607879925,0.001876172607879925,0.001876172607879925,0.0,1.0,0.0,0.0,1.0,0.0,0,0,0,BaseVerify,1
531,0.0018726591760299626,0.0018726591760299626,0.0018726591760299626,0.0,1.0,0.0,0.0,1.0,0.0,0,0,0,BaseVerify,1
532,0.001869158878504673,0.001869158878504673,0.001869158878504673,0.0,1.0,0.0,0.0,1.0,0.0,0,0,0,BaseVerify,1
533,0.0018656716417910447,0.0018656716417910447,0.0018656716417910447,0.0,1.0,0.0,0.0,1.0,0.0,0,0,0,BaseVerify,1
534,0.00186219739292365,0.00186219739292365,0.00186219739292365,0.0,1.0,0.0,0.0,1.0,0.0,0,0,0,BaseVerify,1
535,0.0018587360594795538,0.0018587360594795538,0.0018587360594795538,0.0,1.0,0.0,0.0,1.0,0.0,0,0,0,BaseVerify,1
536,0.0018552875695732839,0.0018552875695732839,0.0018552875695732839,0.0,1.0,0.0,0.0,1.0,0.0,0,0,0,BaseVerify,1
537,0.001851851851851852,0.001851851851851852,0.001851851851851852,0.0,1.0,0.0,0.0,1.0,0.0,0,0,0,BaseVerify,1
538,0.0018484288354898336,0.0018484288354898336,0.0018484288354898336,0.0,1.0,0.0,0.0,1.0,0.0,0,0,0,BaseVerify,1
539,0.0018450184501845018,0.0018450184501845018,0.0018450184501845018,0.0,1.0,0.0,0.0,1.0,0.0,0,0,0,BaseVerify,1
540,0.001841620626151013,0.001841620626151013,0.001841620626151013,0.0,1.0,0.0,0.0,1.0,0.0,0,0,0,BaseVerify,1
541,0.001838235294117647,0.001838235294117647,0.001838235294117647,0.0,1.0,0.0,0.0,1.0,0.0,0,0,0,BaseVerify,1
542,0.001834862385321101,0.001834862385321101,0.001834862385321101,0.0,1.0,0.0,0.0,1.0,0.0,0,0,0,BaseVerify,1
543,0.0018315018315018315,0.0018315018315018315,0.0018315018315018315,0.0,1.0,0.0,0.0,1.0,0.0,0,0,0,BaseVerify,1
544,0.0018281535648994515,0.0018281535648994515,0.0018281535648994515,0.0,1.0,0.0,0.0,1.0,0.0,0,0,0,BaseVerify,1
545,0.0018248175182481751,0.0018248175182481751,0.0018248175182481751,0.0,1.0,0.0,0.0,1.0,0.0,0,0,0,BaseVerify,1
546,0.0018214936247723133,0.0018214936247723133,0.0018214936247723133,0.0,1.0,0.0,0.0,1.0,0.0,0,0,0,BaseVerify,1
547,0.0018181818181818182,0.0018181818181818182,0.0018181818181818182,0.0,1.0,0.0,0.0,1.0,0.0,0,0,0,BaseVerify,1
548,0.0018148820326678765,0.0018148820326678765,0.0018148820326678765,0.0,1.0,0.0,0.0,1.0,0.0,0,0,0,BaseVerify,1
549,0.0018115942028985507,0.0018115942028985507,0.0018115942028985507,0.0,1.0,0.0,0.0,1.0,0.0,0,0,0,BaseVerify,1
550,0.0018083182640144665,0.0018083182640144665,0.0018083182640144665,0.0,1.0,0.0,0.0,1.0,0.0,0,0,0,BaseVerify,1
551,0.0018050541516245488,0.0018050541516245488,0.0018050541516245488,0.0,1.0,0.0,0.0,1.0,0.0,0,0,0,BaseVerify,1
552,0.0018018018018018018,0.0018018018018018018,0.0018018018018018018,0.0,1.0,0.0,0.0,1.0,0.0,0,0,0,BaseVerify,1
553,0.0017985611510791368,0.0017985611510791368,0.0017985611510791368,0.0,1.0,0.0,0.0,1.0,0.0,0,0,0,BaseVerify,1
554,0.0017953321364452424,0.0017953321364452424,0.0017953321364452424,0.0,1.0,0.0,0.0,1.0,0.0,0,0,0,BaseVerify,1
555,0.0017921146953405018,0.0017921146953405018,0.0017921146953405018,0.0,1.0,0.0,0.0,1.0,0.0,0,0,0,BaseVerify,1
556,0.0017889087656529517,0.0017889087656529517,0.0017889087656529517,0.0,1.0,0.0,0.0,1.0,0.0,0,0,0,BaseVerify,1
557,0.0017857142857142857,0.0017857142857142857,0.0017857142857142857,0.0,1.0,0.0,0.0,1.0,0.0,0,0,0,BaseVerify,1
558,0.0017825311942959,0.0017825311942959,0.0017825311942959,0.0,1.0,0.0,0.0,1.0,0.0,0,0,0,BaseVerify,1
559,0.0017793594306049821,0.0017793594306049821,0.0017793594306049821,0.0,1.0,0.0,0.0,1.0,0.0,0,0,0,BaseVerify,1
560,0.0017761989342806395,0.0017761989342806395,0.0017761989342806395,0.0,1.0,0.0,0.0,1.0,0.0,0,0,0,BaseVerify,1
561,0.0017730496453900709,0.0017730496453900709,0.0017730496453900709,0.0,1.0,0.0,0.0,1.0,0.0,0,0,0,BaseVerify,1
562,0.0017699115044247787,0.0017699115044247787,0.0017699115044247787,0.0,1.0,0.0,0.0,1.0,0.0,0,0,0,BaseVerify,1
563,0.0017667844522968198,0.0017667844522968198,0.0017667844522968198,0.0,1.0,0.0,0.0,1.0,0.0,0,0,0,BaseVerify,1
564,0.001763668430335097,0.001763668430335097,0.001763668430335097,0.0,1.0,0.0,0.0,1.0,0.0,0,0,0,BaseVerify,1
565,0.0017605633802816902,0.0017605633802816902,0.0017605633802816902,0.0,1.0,0.0,0.0,1.0,0.0,0,0,0,BaseVerify,1
566,0.0017574692442882249,0.0017574692442882249,0.0017574692442882249,0.0,1.0,0.0,0.0,1.0,0.0,0,0,0,BaseVerify,1
567,0.0017543859649122807,0.0017543859649122807,0.0017543859649122807,0.0,1.0,0.0,0.0,1.0,0.0,0,0,0,BaseVerify,1
568,0.0017513134851138354,0.0017513134851138354,0.0017513134851138354,0.0,1.0,0.0,0.0,1.0,0.0,0,0,0,BaseVerify,1
569,0.0017482517482517483,0.0017482517482517483,0.0017482517482517483,0.0,1.0,0.0,0.0,1.0,0.0,0,0,0,BaseVerify,1
570,0.0017452006980802793,0.0017452006980802793,0.0017452006980802793,0.0,1.0,0.0,0.0,1.0,0.0,0,0,0,BaseVerify,1
571,0.0017421602787456446,0.0017421602787456446,0.0017421602787456446,0.0,1.0,0.0,0.0,1.0,0.0,0,0,0,BaseVerify,1
572,0.0017391304347826088,0.0017391304347826088,0.0017391304347826088,0.0,1.0,0.0,0.0,1.0,0.0,0,0,0,BaseVerify,1
573,0.001736111111111111,0.001736111111111111,0.001736111111111111,0.0,1.0,0.0,0.0,1.0,0.0,0,0,0,BaseVerify,1
574,0.0017331022530329288,0.0017331022530329288,0.0017331022530329288,0.0,1.0,0.0,0.0,1.0,0.0,0,0,0,BaseVerify,1
575,0.0017301038062283738,0.0017301038062283738,0.0017301038062283738,0.0,1.0,0.0,0.0,1.0,0.0,0,0,0,BaseVerify,1
576,0.0017271157167530224,0.0017271157167530224,0.0017271157167530224,0.0,1.0,0.0,0.0,1.0,0.0,0,0,0,BaseVerify,1
577,0.0017241379310344827,0.0017241379310344827,0.0017241379310344827,0.0,1.0,0.0,0.0,1.0,0.0,0,0,0,BaseVerify,1
578,0.0017211703958691911,0.0017211703958691911,0.0017211703958691911,0.0,1.0,0.0,0.0,1.0,0.0,0,0,0,BaseVerify,1
579,0.001718213058419244,0.001718213058419244,0.001718213058419244,0.0,1.0,0.0,0.0,1.0,0.0,0,0,0,BaseVerify,1
580,0.0017152658662092624,0.0017152658662092624,0.0017152658662092624,0.0,1.0,0.0,0.0,1.0,0.0,0,0,0,BaseVerify,1
581,0.0017123287671232876,0.0017123287671232876,0.0017123287671232876,0.0,1.0,0.0,0.0,1.0,0.0,0,0,0,BaseVerify,1
582,0.0017094017094017094,0.0017094017094017094,0.0017094017094017094,0.0,1.0,0.0,0.0,1.0,0.0,0,0,0,BaseVerify,1
583,0.0017064846416382253,0.0017064846416382253,0.0017064846416382253,0.0,1.0,0.0,0.0,1.0,0.0,0,0,0,BaseVerify,1
584,0.0017035775127768314,0.0017035775127768314,0.0017035775127768314,0.0,1.0,0.0,0.0,1.0,0.0,0,0,0,BaseVerify,1
585,0.0017006802721088435,0.0017006802721088435,0.0017006802721088435,0.0,1.0,0.0,0.0,1.0,0.0,0,0,0,BaseVerify,1
586,0.001697792869269949,0.001697792869269949,0.001697792869269949,0.0,1.0,0.0,0.0,1.0,0.0,0,0,0,BaseVerify,1
587,0.001694915254237288,0.001694915254237288,0.001694915254237288,0.0,1.0,0.0,0.0,1.0,0.0,0,0,0,BaseVerify,1
588,0.001692047377326565,0.001692047377326565,0.001692047377326565,0.0,1.0,0.0,0.0,1.0,0.0,0,0,0,BaseVerify,1
589,0.0016891891891891893,0.0016891891891891893,0.0016891891891891893,0.0,1.0,0.0,0.0,1.0,0.0,0,0,0,BaseVerify,1
590,0.0016863406408094434,0.0016863406408094434,0.0016863406408094434,0.0,1.0,0.0,0.0,1.0,0.0,0,0,0,BaseVerify,1
591,0.0016835016835016834,0.0016835016835016834,0.0016835016835016834,0.0,1.0,0.0,0.0,1.0,0.0,0,0,0,BaseVerify,1
592,0.0016806722689075631,0.0016806722689075631,0.0016806722689075631,0.0,1.0,0.0,0.0,1.0,0.0,0,0,0,BaseVerify,1
593,0.0016778523489932886,0.0016778523489932886,0.0016778523489932886,0.0,1.0,0.0,0.0,1.0,0.0,0,0,0,BaseVerify,1
594,0.0016750418760469012,0.0016750418760469012,0.0016750418760469012,0.0,1.0,0.0,0.0,1.0,0.0,0,0,0,BaseVerify,1
595,0.0016722408026755853,0.0016722408026755853,0.0016722408026755853,0.0,1.0,0.0,0.0,1.0,0.0,0,0,0,BaseVerify,1
596,0.001669449081803005,0.001669449081803005,0.001669449081803005,0.0,1.0,0.0,0.0,1.0,0.0,0,0,0,BaseVerify,1
597,0.0016666666666666668,0.0016666666666666668,0.0016666666666666668,0.0,1.0,0.0,0.0,1.0,0.0,0,0,0,BaseVerify,1
598,0.0016638935108153079,0.0016638935108153079,0.0016638935108153079,0.0,1.0,0.0,0.0,1.0,0.0,0,0,0,BaseVerify,1
599,0.0016611295681063123,0.0016611295681063123,0.0016611295681063123,0.0,1.0,0.0,0.0,1.0,0.0,0,0,0,BaseVerify,1
600,0.001658374792703151,0.001658374792703151,0.001658374792703151,0.0,1.0,0.0,0.0,1.0,0.0,0,0,0,BaseVerify,1
601,0.0016556291390728477,0.0016556291390728477,0.0016556291390728477,0.0,1.0,0.0,0.0,1.0,0.0,0,0,0,BaseVerify,1
602,0.001652892561983471,0.001652892561983471,0.001652892561983471,0.0,1.0,0.0,0.0,1.0,0.0,0,0,0,BaseVerify,1
603,0.0016501650165016502,0.0016501650165016502,0.0016501650165016502,0.0,1.0,0.0,0.0,1.0,0.0,0,0,0,BaseVerify,1
604,0.0016474464579901153,0.0016474464579901153,0.0016474464579901153,0.0,1.0,0.0,0.0,1.0,0.0,0,0,0,BaseVerify,1
605,0.001644736842105263,0.001644736842105263,0.001644736842105263,0.0,1.0,0.0,0.0,1.0,0.0,0,0,0,BaseVerify,1
606,0.0016420361247947454,0.0016420361247947454,0.0016420361247947454,0.0,1.0,0.0,0.0,1.0,0.0,0,0,0,BaseVerify,1
607,0.001639344262295082,0.001639344262295082,0.001639344262295082,0.0,1.0,0.0,0.0,1.0,0.0,0,0,0,BaseVerify,1
608,0.0016366612111292963,0.0016366612111292963,0.0016366612111292963,0.0,1.0,0.0,0.0,1.0,0.0,0,0,0,BaseVerify,1
609,0.0016339869281045752,0.0016339869281045752,0.0016339869281045752,0.0,1.0,0.0,0.0,1.0,0.0,0,0,0,BaseVerify,1
610,0.0016313213703099511,0.0016313213703099511,0.0016313213703099511,0.0,1.0,0.0,0.0,1.0,0.0,0,0,0,BaseVerify,1
611,0.0016286644951140066,0.0016286644951140066,0.0016286644951140066,0.0,1.0,0.0,0.0,1.0,0.0,0,0,0,BaseVerify,1
612,0.0016260162601626016,0.0016260162601626016,0.0016260162601626016,0.0,1.0,0.0,0.0,1.0,0.0,0,0,0,BaseVerify,1
613,0.0016233766233766235,0.0016233766233766235,0.0016233766233766235,0.0,1.0,0.0,0.0,1.0,0.0,0,0,0,BaseVerify,1
614,0.0016207455429497568,0.0016207455429497568,0.0016207455429497568,0.0,1.0,0.0,0.0,1.0,0.0,0,0,0,BaseVerify,1
615,0.0016181229773462784,0.0016181229773462784,0.0016181229773462784,0.0,1.0,0.0,0.0,1.0,0.0,0,0,0,BaseVerify,1
616,0.0016155088852988692,0.0016155088852988692,0.0016155088852988692,0.0,1.0,0.0,0.0,1.0,0.0,0,0,0,BaseVerify,1
617,0.0016129032258064516,0.0016129032258064516,0.0016129032258064516,0.0,1.0,0.0,0.0,1.0,0.0,0,0,0,BaseVerify,1
618,0.001610305958132045,0.001610305958132045,0.001610305958132045,0.0,1.0,0.0,0.0,1.0,0.0,0,0,0,BaseVerify,1
619,0.001607717041800643,0.001607717041800643,0.001607717041800643,0.0,1.0,0.0,0.0,1.0,0.0,0,0,0,BaseVerify,1
620,0.0016051364365971107,0.0016051364365971107,0.0016051364365971107,0.0,1.0,0.0,0.0,1.0,0.0,0,0,0,BaseVerify,1
621,0.0016025641025641025,0.0016025641025641025,0.0016025641025641025,0.0,1.0,0.0,0.0,1.0,0.0,0,0,0,BaseVerify,1
622,0.0016,0.0016,0.0016,0.0,1.0,0.0,0.0,1.0,0.0,0,0,0,BaseVerify,1
623,0.001597444089456869,0.001597444089456869,0.001597444089456869,0.0,1.0,0.0,0.0,1.0,0.0,0,0,0,BaseVerify,1
624,0.001594896331738437,0.001594896331738437,0.001594896331738437,0.0,1.0,0.0,0.0,1.0,0.0,0,0,0,BaseVerify,1
625,0.0015923566878980893,0.0015923566878980893,0.0015923566878980893,0.0,1.0,0.0,0.0,1.0,0.0,0,0,0,BaseVerify,1
626,0.001589825119236884,0.001589825119236884,0.001589825119236884,0.0,1.0,0.0,0.0,1.0,0.0,0,0,0,BaseVerify,1
627,0.0015873015873015873,0.0015873015873015873,0.0015873015873015873,0.0,1.0,0.0,0.0,1.0,0.0,0,0,0,BaseVerify,1
628,0.001584786053882726,0.001584786053882726,0.001584786053882726,0.0,1.0,0.0,0.0,1.0,0.0,0,0,0,BaseVerify,1
629,0.0015822784810126582,0.0015822784810126582,0.0015822784810126582,0.0,1.0,0.0,0.0,1.0,0.0,0,0,0,BaseVerify,1
630,0.001579778830963665,0.001579778830963665,0.001579778830963665,0.0,1.0,0.0,0.0,1.0,0.0,0,0,0,BaseVerify,1
631,0.0015772870662460567,0.0015772870662460567,0.0015772870662460567,0.0,1.0,0.0,0.0,1.0,0.0,0,0,0,BaseVerify,1
632,0.0015748031496062992,0.0015748031496062992,0.0015748031496062992,0.0,1.0,0.0,0.0,1.0,0.0,0,0,0,BaseVerify,1
633,0.0015723270440251573,0.0015723270440251573,0.0015723270440251573,0.0,1.0,0.0,0.0,1.0,0.0,0,0,0,BaseVerify,1
634,0.0015698587127158557,0.0015698587127158557,0.0015698587127158557,0.0,1.0,0.0,0.0,1.0,0.0,0,0,0,BaseVerify,1
635,0.001567398119122257,0.001567398119122257,0.001567398119122257,0.0,1.0,0.0,0.0,1.0,0.0,0,0,0,BaseVerify,1
636,0.001564945226917058,0.001564945226917058,0.001564945226917058,0.0,1.0,0.0,0.0,1.0,0.0,0,0,0,BaseVerify,1
637,0.0015625,0.0015625,0.0015625,0.0,1.0,0.0,0.0,1.0,0.0,0,0,0,BaseVerify,1
638,0.0015600624024961,0.0015600624024961,0.0015600624024961,0.0,1.0,0.0,0.0,1.0,0.0,0,0,0,BaseVerify,1
639,0.001557632398753894,0.001557632398753894,0.001557632398753894,0.0,1.0,0.0,0.0,1.0,0.0,0,0,0,BaseVerify,1
640,0.0015552099533437014,0.0015552099533437014,0.0015552099533437014,0.0,1.0,0.0,0.0,1.0,0.0,0,0,0,BaseVerify,1
641,0.0015527950310559005,0.0015527950310559005,0.0015527950310559005,0.0,1.0,0.0,0.0,1.0,0.0,0,0,0,BaseVerify,1
642,0.0015503875968992248,0.0015503875968992248,0.0015503875968992248,0.0,1.0,0.0,0.0,1.0,0.0,0,0,0,BaseVerify,1
643,0.0015479876160990713,0.0015479876160990713,0.0015479876160990713,0.0,1.0,0.0,0.0,1.0,0.0,0,0,0,BaseVerify,1
644,0.0015455950540958269,0.0015455950540958269,0.0015455950540958269,0.0,1.0,0.0,0.0,1.0,0.0,0,0,0,BaseVerify,1
645,0.0015432098765432098,0.0015432098765432098,0.0015432098765432098,0.0,1.0,0.0,0.0,1.0,0.0,0,0,0,BaseVerify,1
646,0.0015408320493066256,0.0015408320493066256,0.0015408320493066256,0.0,1.0,0.0,0.0,1.0,0.0,0,0,0,BaseVerify,1
647,0.0015384615384615385,0.0015384615384615385,0.0015384615384615385,0.0,1.0,0.0,0.0,1.0,0.0,0,0,0,BaseVerify,1
648,0.0015360983102918587,0.0015360983102918587,0.0015360983102918587,0.0,1.0,0.0,0.0,1.0,0.0,0,0,0,BaseVerify,1
649,0.0015337423312883436,0.0015337423312883436,0.0015337423312883436,0.0,1.0,0.0,0.0,1.0,0.0,0,0,0,BaseVerify,1
650,0.0015313935681470138,0.0015313935681470138,0.0015313935681470138,0.0,1.0,0.0,0.0,1.0,0.0,0,0,0,BaseVerify,1
651,0.0015290519877675841,0.0015290519877675841,0.0015290519877675841,0.0,1.0,0.0,0.0,1.0,0.0,0,0,0,BaseVerify,1
652,0.0015267175572519084,0.0015267175572519084,0.0015267175572519084,0.0,1.0,0.0,0.0,1.0,0.0,0,0,0,BaseVerify,1
653,0.001524390243902439,0.001524390243902439,0.001524390243902439,0.0,1.0,0.0,0.0,1.0,0.0,0,0,0,BaseVerify,1
654,0.0015220700152207,0.0015220700152207,0.0015220700152207,0.0,1.0,0.0,0.0,1.0,0.0,0,0,0,BaseVerify,1
655,0.001519756838905775,0.001519756838905775,0.001519756838905775,0.0,1.0,0.0,0.0,1.0,0.0,0,0,0,BaseVerify,1
656,0.0015174506828528073,0.0015174506828528073,0.0015174506828528073,0.0,1.0,0.0,0.0,1.0,0.0,0,0,0,BaseVerify,1
657,0.0015151515151515152,0.0015151515151515152,0.0015151515151515152,0.0,1.0,0.0,0.0,1.0,0.0,0,0,0,BaseVerify,1
658,0.0015128593040847202,0.0015128593040847202,0.0015128593040847202,0.0,1.0,0.0,0.0,1.0,0.0,0,0,0,BaseVerify,1
659,0.0015105740181268882,0.0015105740181268882,0.0015105740181268882,0.0,1.0,0.0,0.0,1.0,0.0,0,0,0,BaseVerify,1
660,0.0015082956259426848,0.0015082956259426848,0.0015082956259426848,0.0,1.0,0.0,0.0,1.0,0.0,0,0,0,BaseVerify,1
661,0.0015060240963855422,0.0015060240963855422,0.0015060240963855422,0.0,1.0,0.0,0.0,1.0,0.0,0,0,0,BaseVerify,1
662,0.0015037593984962407,0.0015037593984962407,0.0015037593984962407,0.0,1.0,0.0,0.0,1.0,0.0,0,0,0,BaseVerify,1
663,0.0015015015015015015,0.0015015015015015015,0.0015015015015015015,0.0,1.0,0.0,0.0,1.0,0.0,0,0,0,BaseVerify,1
664,0.0014992503748125937,0.0014992503748125937,0.0014992503748125937,0.0,1.0,0.0,0.0,1.0,0.0,0,0,0,BaseVerify,1
665,0.0014970059880239522,0.0014970059880239522,0.0014970059880239522,0.0,1.0,0.0,0.0,1.0,0.0,0,0,0,BaseVerify,1
666,0.0014947683109118087,0.0014947683109118087,0.0014947683109118087,0.0,1.0,0.0,0.0,1.0,0.0,0,0,0,BaseVerify,1
667,0.0014925373134328358,0.0014925373134328358,0.0014925373134328358,0.0,1.0,0.0,0.0,1.0,0.0,0,0,0,BaseVerify,1
668,0.0014903129657228018,0.0014903129657228018,0.0014903129657228018,0.0,1.0,0.0,0.0,1.0,0.0,0,0,0,BaseVerify,1
669,0.001488095238095238,0.001488095238095238,0.001488095238095238,0.0,1.0,0.0,0.0,1.0,0.0,0,0,0,BaseVerify,1
670,0.0014858841010401188,0.0014858841010401188,0.0014858841010401188,0.0,1.0,0.0,0.0,1.0,0.0,0,0,0,BaseVerify,1
671,0.001483679525222552,0.001483679525222552,0.001483679525222552,0.0,1.0,0.0,0.0,1.0,0.0,0,0,0,BaseVerify,1
672,0.0014814814814814814,0.0014814814814814814,0.0014814814814814814,0.0,1.0,0.0,0.0,1.0,0.0,0,0,0,BaseVerify,1
673,0.0014792899408284023,0.0014792899408284023,0.0014792899408284023,0.0,1.0,0.0,0.0,1.0,0.0,0,0,0,BaseVerify,1
674,0.0014771048744460858,0.0014771048744460858,0.0014771048744460858,0.0,1.0,0.0,0.0,1.0,0.0,0,0,0,BaseVerify,1
675,0.0014749262536873156,0.0014749262536873156,0.0014749262536873156,0.0,1.0,0.0,0.0,1.0,0.0,0,0,0,BaseVerify,1
676,0.0014727540500736377,0.0014727540500736377,0.0014727540500736377,0.0,1.0,0.0,0.0,1.0,0.0,0,0,0,BaseVerify,1
677,0.0014705882352941176,0.0014705882352941176,0.0014705882352941176,0.0,1.0,0.0,0.0,1.0,0.0,0,0,0,BaseVerify,1
678,0.0014684287812041115,0.0014684287812041115,0.0014684287812041115,0.0,1.0,0.0,0.0,1.0,0.0,0,0,0,BaseVerify,1
679,0.001466275659824047,0.001466275659824047,0.001466275659824047,0.0,1.0,0.0,0.0,1.0,0.0,0,0,0,BaseVerify,1
680,0.0014641288433382138,0.0014641288433382138,0.0014641288433382138,0.0,1.0,0.0,0.0,1.0,0.0,0,0,0,BaseVerify,1
681,0.0014619883040935672,0.0014619883040935672,0.0014619883040935672,0.0,1.0,0.0,0.0,1.0,0.0,0,0,0,BaseVerify,1
682,0.00145985401459854,0.00145985401459854,0.00145985401459854,0.0,1.0,0.0,0.0,1.0,0.0,0,0,0,BaseVerify,1
683,0.0014577259475218659,0.0014577259475218659,0.0014577259475218659,0.0,1.0,0.0,0.0,1.0,0.0,0,0,0,BaseVerify,1
684,0.001455604075691412,0.001455604075691412,0.001455604075691412,0.0,1.0,0.0,0.0,1.0,0.0,0,0,0,BaseVerify,1
685,0.0014534883720930232,0.0014534883720930232,0.0014534883720930232,0.0,1.0,0.0,0.0,1.0,0.0,0,0,0,BaseVerify,1
686,0.001451378809869376,0.001451378809869376,0.001451378809869376,0.0,1.0,0.0,0.0,1.0,0.0,0,0,0,BaseVerify,1
687,0.0014492753623188406,0.0014492753623188406,0.0014492753623188406,0.0,1.0,0.0,0.0,1.0,0.0,0,0,0,BaseVerify,1
688,0.001447178002894356,0.001447178002894356,0.001447178002894356,0.0,1.0,0.0,0.0,1.0,0.0,0,0,0,BaseVerify,1
689,0.001445086705202312,0.001445086705202312,0.001445086705202312,0.0,1.0,0.0,0.0,1.0,0.0,0,0,0,BaseVerify,1
690,0.001443001443001443,0.001443001443001443,0.001443001443001443,0.0,1.0,0.0,0.0,1.0,0.0,0,0,0,BaseVerify,1
691,0.001440922190201729,0.001440922190201729,0.001440922190201729,0.0,1.0,0.0,0.0,1.0,0.0,0,0,0,BaseVerify,1
692,0.0014388489208633094,0.0014388489208633094,0.0014388489208633094,0.0,1.0,0.0,0.0,1.0,0.0,0,0,0,BaseVerify,1
693,0.0014367816091954023,0.0014367816091954023,0.0014367816091954023,0.0,1.0,0.0,0.0,1.0,0.0,0,0,0,BaseVerify,1
694,0.0014347202295552368,0.0014347202295552368,0.0014347202295552368,0.0,1.0,0.0,0.0,1.0,0.0,0,0,0,BaseVerify,1
695,0.0014326647564469914,0.0014326647564469914,0.0014326647564469914,0.0,1.0,0.0,0.0,1.0,0.0,0,0,0,BaseVerify,1
696,0.001430615164520744,0.001430615164520744,0.001430615164520744,0.0,1.0,0.0,0.0,1.0,0.0,0,0,0,BaseVerify,1
697,0.0014285714285714286,0.0014285714285714286,0.0014285714285714286,0.0,1.0,0.0,0.0,1.0,0.0,0,0,0,BaseVerify,1
698,0.0014265335235378032,0.0014265335235378032,0.0014265335235378032,0.0,1.0,0.0,0.0,1.0,0.0,0,0,0,BaseVerify,1
699,0.0014245014245014246,0.0014245014245014246,0.0014245014245014246,0.0,1.0,0.0,0.0,1.0,0.0,0,0,0,BaseVerify,1
700,0.001422475106685633,0.001422475106685633,0.001422475106685633,0.0,1.0,0.0,0.0,1.0,0.0,0,0,0,BaseVerify,1
701,0.0014204545454545455,0.0014204545454545455,0.0014204545454545455,0.0,1.0,0.0,0.0,1.0,0.0,0,0,0,BaseVerify,1
702,0.0014184397163120568,0.0014184397163120568,0.0014184397163120568,0.0,1.0,0.0,0.0,1.0,0.0,0,0,0,BaseVerify,1
703,0.00141643059490085,0.00141643059490085,0.00141643059490085,0.0,1.0,0.0,0.0,1.0,0.0,0,0,0,BaseVerify,1
704,0.0014144271570014145,0.0014144271570014145,0.0014144271570014145,0.0,1.0,0.0,0.0,1.0,0.0,0,0,0,BaseVerify,1
705,0.0014124293785310734,0.0014124293785310734,0.0014124293785310734,0.0,1.0,0.0,0.0,1.0,0.0,0,0,0,BaseVerify,1
706,0.0014104372355430183,0.0014104372355430183,0.0014104372355430183,0.0,1.0,0.0,0.0,1.0,0.0,0,0,0,BaseVerify,1
707,0.0014084507042253522,0.0014084507042253522,0.0014084507042253522,0.0,1.0,0.0,0.0,1.0,0.0,0,0,0,BaseVerify,1
708,0.0014064697609001407,0.0014064697609001407,0.0014064697609001407,0.0,1.0,0.0,0.0,1.0,0.0,0,0,0,BaseVerify,1
709,0.0014044943820224719,0.0014044943820224719,0.0014044943820224719,0.0,1.0,0.0,0.0,1.0,0.0,0,0,0,BaseVerify,1
710,0.001402524544179523,0.001402524544179523,0.001402524544179523,0.0,1.0,0.0,0.0,1.0,0.0,0,0,0,BaseVerify,1
711,0.0014005602240896359,0.0014005602240896359,0.0014005602240896359,0.0,1.0,0.0,0.0,1.0,0.0,0,0,0,BaseVerify,1
712,0.0013986013986013986,0.0013986013986013986,0.0013986013986013986,0.0,1.0,0.0,0.0,1.0,0.0,0,0,0,BaseVerify,1
713,0.0013966480446927375,0.0013966480446927375,0.0013966480446927375,0.0,1.0,0.0,0.0,1.0,0.0,0,0,0,BaseVerify,1
714,0.001394700139470014,0.001394700139470014,0.001394700139470014,0.0,1.0,0.0,0.0,1.0,0.0,0,0,0,BaseVerify,1
715,0.001392757660167131,0.001392757660167131,0.001392757660167131,0.0,1.0,0.0,0.0,1.0,0.0,0,0,0,BaseVerify,1
716,0.0013908205841446453,0.0013908205841446453,0.0013908205841446453,0.0,1.0,0.0,0.0,1.0,0.0,0,0,0,BaseVerify,1
717,0.001388888888888889,0.001388888888888889,0.001388888888888889,0.0,1.0,0.0,0.0,1.0,0.0,0,0,0,BaseVerify,1
718,0.0013869625520110957,0.0013869625520110957,0.0013869625520110957,0.0,1.0,0.0,0.0,1.0,0.0,0,0,0,BaseVerify,1
719,0.0013850415512465374,0.0013850415512465374,0.0013850415512465374,0.0,1.0,0.0,0.0,1.0,0.0,0,0,0,BaseVerify,1
720,0.0013831258644536654,0.0013831258644536654,0.0013831258644536654,0.0,1.0,0.0,0.0,1.0,0.0,0,0,0,BaseVerify,1
721,0.0013812154696132596,0.0013812154696132596,0.0013812154696132596,0.0,1.0,0.0,0.0,1.0,0.0,0,0,0,BaseVerify,1
722,0.001379310344827586,0.001379310344827586,0.001379310344827586,0.0,1.0,0.0,0.0,1.0,0.0,0,0,0,BaseVerify,1
723,0.0013774104683195593,0.0013774104683195593,0.0013774104683195593,0.0,1.0,0.0,0.0,1.0,0.0,0,0,0,BaseVerify,1
724,0.001375515818431912,0.001375515818431912,0.001375515818431912,0.0,1.0,0.0,0.0,1.0,0.0,0,0,0,BaseVerify,1
725,0.0013736263736263737,0.0013736263736263737,0.0013736263736263737,0.0,1.0,0.0,0.0,1.0,0.0,0,0,0,BaseVerify,1
726,0.0013717421124828531,0.0013717421124828531,0.0013717421124828531,0.0,1.0,0.0,0.0,1.0,0.0,0,0,0,BaseVerify,1
727,0.0013698630136986301,0.0013698630136986301,0.0013698630136986301,0.0,1.0,0.0,0.0,1.0,0.0,0,0,0,BaseVerify,1
728,0.0013679890560875513,0.0013679890560875513,0.0013679890560875513,0.0,1.0,0.0,0.0,1.0,0.0,0,0,0,BaseVerify,1
729,0.001366120218579235,0.001366120218579235,0.001366120218579235,0.0,1.0,0.0,0.0,1.0,0.0,0,0,0,BaseVerify,1
730,0.001364256480218281,0.001364256480218281,0.001364256480218281,0.0,1.0,0.0,0.0,1.0,0.0,0,0,0,BaseVerify,1
731,0.0013623978201634877,0.0013623978201634877,0.0013623978201634877,0.0,1.0,0.0,0.0,1.0,0.0,0,0,0,BaseVerify,1
732,0.0013605442176870747,0.0013605442176870747,0.0013605442176870747,0.0,1.0,0.0,0.0,1.0,0.0,0,0,0,BaseVerify,1
733,0.001358695652173913,0.001358695652173913,0.001358695652173913,0.0,1.0,0.0,0.0,1.0,0.0,0,0,0,BaseVerify,1
734,0.0013568521031207597,0.0013568521031207597,0.0013568521031207597,0.0,1.0,0.0,0.0,1.0,0.0,0,0,0,BaseVerify,1
735,0.0013550135501355014,0.0013550135501355014,0.0013550135501355014,0.0,1.0,0.0,0.0,1.0,0.0,0,0,0,BaseVerify,1
736,0.0013531799729364006,0.0013531799729364006,0.0027063599458728013,0.0,1.0,0.0,0.0,1.0,0.0,0,0,1,BaseVerify,1
737,0.0013513513513513514,0.0013513513513513514,0.002702702702702703,0.0,1.0,0.0,0.0,1.0,0.0,0,0,0,BaseVerify,1
738,0.001349527665317139,0.001349527665317139,0.002699055330634278,0.0,1.0,0.0,0.0,1.0,0.0,0,0,0,BaseVerify,1
739,0.0013477088948787063,0.0013477088948787063,0.0026954177897574125,0.0,1.0,0.0,0.0,1.0,0.0,0,0,0,BaseVerify,1
740,0.0013458950201884253,0.0013458950201884253,0.0026917900403768506,0.0,1.0,0.0,0.0,1.0,0.0,0,0,0,BaseVerify,1
741,0.0013440860215053765,0.0013440860215053765,0.002688172043010753,0.0,1.0,0.0,0.0,1.0,0.0,0,0,0,BaseVerify,1
742,0.0013422818791946308,0.0013422818791946308,0.0026845637583892616,0.0,1.0,0.0,0.0,1.0,0.0,0,0,0,BaseVerify,1
743,0.0013404825737265416,0.0013404825737265416,0.002680965147453083,0.0,1.0,0.0,0.0,1.0,0.0,0,0,0,BaseVerify,1
744,0.0013386880856760374,0.0013386880856760374,0.002677376171352075,0.0,1.0,0.0,0.0,1.0,0.0,0,0,0,BaseVerify,1
745,0.001336898395721925,0.001336898395721925,0.00267379679144385,0.0,1.0,0.0,0.0,1.0,0.0,0,0,0,BaseVerify,1
746,0.0013351134846461949,0.0013351134846461949,0.0026702269692923898,0.0,1.0,0.0,0.0,1.0,0.0,0,0,0,BaseVerify,1
747,0.0013333333333333333,0.0013333333333333333,0.0026666666666666666,0.0,1.0,0.0,0.0,1.0,0.0,0,0,0,BaseVerify,1
748,0.0013315579227696406,0.0013315579227696406,0.002663115845539281,0.0,1.0,0.0,0.0,1.0,0.0,0,0,0,BaseVerify,1
749,0.0013297872340425532,0.0013297872340425532,0.0026595744680851063,0.0,1.0,0.0,0.0,1.0,0.0,0,0,0,BaseVerify,1
